date,source,comment_source,content,mentioned_stocks,mentioned_sectors,value_reason,include_in_logic,note
2026-05-12,yege,同花顺评论备份 15:05,帖子评论量备份：1018 条。帖子摘要：合力泰(002217)  今天4000家绿的，这个已经很强了，五日线就碰了一下。我反正就做自己看的懂的。而且也是免费分享的。赚钱嘛我也不要你的。你亏钱嘛也别人云亦云。一句话盈亏自负，毕竟你是家族内第一个打开k线的人，市场总归要套住你的。,合力泰(002217),风险提示;含图片/截图核对;个股相关;野哥同花顺逻辑;消费电子;光学光电子,文本包含被套、解套、风险、盈亏自负等风控词。；动态包含图片，可能有交易截图，需人工点开核对。；同花顺选股逻辑命中：THS-02 只做自己看懂的交易；THS-03 波段逻辑未破才持有。,待确认,post_id=2343003836; media=/media/2026-05-12/yege/alert_01_1505_2343003836.jpg;/media/2026-05-12/yege/daily_01_1505_2343003836.jpg
2026-05-12,yege,同花顺评论备份 14:53,帖子评论量备份：564 条。帖子摘要：良信股份(002706)  股吧历史都是惊人的相似，以前的圣阳第一次地板的时候，合力泰第一个炸板的时候。我在想，这样人到底怎么在股市存活的。你不回家种地对国家都是损失。,良信股份(002706),含图片/截图核对;个股相关;低压电器;AIDC,动态包含图片，可能有交易截图，需人工点开核对。,待确认,post_id=2342985513; media=/media/2026-05-12/yege/alert_01_1453_2342985513.jpg;/media/2026-05-12/yege/daily_02_1453_2342985513.jpg
2026-05-12,yege,同花顺评论备份 14:32,帖子评论量备份：541 条。帖子摘要：圣阳股份(002580)  真拿不住了。0轴走了。双头太磨叽了。,圣阳股份(002580),减仓/退出风险;风险提示;含图片/截图核对;个股相关;野哥同花顺逻辑;储能;铅酸电池,文本包含减仓、走了、卖飞、止盈止损等退出类词。；文本包含被套、解套、风险、盈亏自负等风控词。；动态包含图片，可能有交易截图，需人工点开核对。；同花顺选股逻辑命中：THS-01 要信早信，无先手不追高；THS-08 退出词优先风险。,否,post_id=2342949526; media=/media/2026-05-12/yege/alert_01_1432_2342949526.jpg;/media/2026-05-12/yege/daily_03_1432_2342949526.jpg
2026-05-12,yege,同花顺评论备份 11:28,帖子评论量备份：560 条。帖子摘要：良信股份(002706)  今晚开始，这个股吧就各种分析，各种老师来了。你们一天到晚跟着我屁股后面热评，你们不累吗？有时间也去选一些量价齐升的，形态漂亮的好股。才是正事。这个缺口做防守，如果回补缺口就是弱了。,良信股份(002706),交易动作;含图片/截图核对;个股相关;低压电器;AIDC,文本包含买入、进场、加仓、低吸、锁仓或试错等动作词。；动态包含图片，可能有交易截图，需人工点开核对。,待确认,post_id=2342750561; media=/media/2026-05-12/yege/alert_01_1128_2342750561.jpg;/media/2026-05-12/yege/daily_01_1128_2342750561.jpg;/media/2026-05-12/yege/daily_04_1128_2342750561.jpg
2026-05-12,yege,同花顺评论备份 11:23,帖子评论量备份：453 条。帖子摘要：天华新能(300390)  又被套了。服了。（叽里咕噜说啥呢。下午给我涨停。）,天华新能(300390),风险提示;含图片/截图核对;个股相关;野哥同花顺逻辑;锂电材料,文本包含被套、解套、风险、盈亏自负等风控词。；动态包含图片，可能有交易截图，需人工点开核对。；同花顺选股逻辑命中：THS-06 二次回踩看承接。,待确认,post_id=2342739471; media=/media/2026-05-12/yege/alert_01_1123_2342739471.jpg;/media/2026-05-12/yege/daily_02_1123_2342739471.jpg;/media/2026-05-12/yege/daily_05_1123_2342739471.jpg
2026-05-12,yege,同花顺评论备份 11:15,帖子评论量备份：752 条。帖子摘要：圣阳股份(002580)  良信股份(002706)  圣阳我快拿不住了。快给我加油打气。我也是家族第一个打开k线的人。,圣阳股份(002580);良信股份(002706),含图片/截图核对;个股相关;野哥同花顺逻辑;储能;铅酸电池;低压电器;AIDC,动态包含图片，可能有交易截图，需人工点开核对。；同花顺选股逻辑命中：THS-01 要信早信，无先手不追高。,待确认,post_id=2342720764; media=/media/2026-05-12/yege/alert_01_1115_2342720764.jpg;/media/2026-05-12/yege/alert_02_1115_2342720764.jpg;/media/2026-05-12/yege/daily_03_1115_2342720764.jpg;/media/2026-05-12/yege/daily_04_1115_2342720764.jpg;/media/2026-05-12/yege/daily_06_1115_2342720764.jpg;/media/2026-05-12/yege/daily_07_1115_2342720764.jpg
2026-05-12,yege,同花顺评论备份 10:23,帖子评论量备份：581 条。帖子摘要：良信股份(002706)  里面的有福了。我叫阿良，善良的良，就是给你们抬轿子。,良信股份(002706),含图片/截图核对;个股相关;低压电器;AIDC,动态包含图片，可能有交易截图，需人工点开核对。,待确认,post_id=2342606652; media=/media/2026-05-12/yege/alert_01_1023_2342606652.jpg;/media/2026-05-12/yege/daily_05_1023_2342606652.jpg;/media/2026-05-12/yege/daily_08_1023_2342606652.jpg
2026-05-12,yege,同花顺评论备份 09:52,帖子评论量备份：266 条。帖子摘要：良信股份(002706)  今天如果涨停，这个涨停价很有意思。许愿能不能涨停。社保重仓的。符合大趋势。,良信股份(002706),含图片/截图核对;个股相关;野哥同花顺逻辑;低压电器;AIDC,动态包含图片，可能有交易截图，需人工点开核对。；同花顺选股逻辑命中：THS-03 波段逻辑未破才持有；THS-04 主线趋势优先，日周月共振加分。,待确认,post_id=2342516184; media=/media/2026-05-12/yege/alert_01_0952_2342516184.jpg;/media/2026-05-12/yege/daily_06_0952_2342516184.jpg;/media/2026-05-12/yege/daily_09_0952_2342516184.jpg
2026-05-12,yege,同花顺评论备份 09:26,帖子评论量备份：423 条。帖子摘要：良信股份(002706)  你好，我是阿良，善良的良。我在aidc上面刻一个猛字。哈哈哈良心的良。。。,良信股份(002706),含图片/截图核对;个股相关;低压电器;AIDC,动态包含图片，可能有交易截图，需人工点开核对。,待确认,post_id=2342443133; media=/media/2026-05-12/yege/alert_01_0926_2342443133.jpg;/media/2026-05-12/yege/daily_07_0926_2342443133.jpg;/media/2026-05-12/yege/daily_10_0926_2342443133.jpg
2026-05-12,yege,同花顺评论备份 09:13,帖子评论量备份：498 条。帖子摘要：合力泰(002217)  天华新能(300390)  圣阳股份(002580)  行情好的时候不要乱动，不要t飞了。不要以一天二天的涨跌来评判自己的收益。个人分享。盈利自负。,圣阳股份(002580);合力泰(002217);天华新能(300390),含图片/截图核对;个股相关;野哥同花顺逻辑;储能;铅酸电池;消费电子;光学光电子;锂电材料,动态包含图片，可能有交易截图，需人工点开核对。；同花顺选股逻辑命中：THS-01 要信早信，无先手不追高；THS-06 二次回踩看承接。,待确认,post_id=2342425625; media=/media/2026-05-12/yege/alert_01_0913_2342425625.jpg;/media/2026-05-12/yege/alert_02_0913_2342425625.jpg;/media/2026-05-12/yege/alert_03_0913_2342425625.jpg;/media/2026-05-12/yege/daily_01_0913_2342425625.jpg;/media/2026-05-12/yege/daily_02_0913_2342425625.jpg;/media/2026-05-12/yege/daily_03_0913_2342425625.jpg;/media/2026-05-12/yege/daily_08_0913_2342425625.jpg;/media/2026-05-12/yege/daily_09_0913_2342425625.jpg;/media/2026-05-12/yege/daily_10_0913_2342425625.jpg;/media/2026-05-12/yege/daily_11_0913_2342425625.jpg;/media/2026-05-12/yege/daily_12_0913_2342425625.jpg;/media/2026-05-12/yege/daily_13_0913_2342425625.jpg
2026-05-12,lihongjuan,李红娟群聊 14:26,芯片hzjj也来了,汉钟精机(002158),芯片设备;通用设备,群聊原话已识别股票线索：汉钟精机(002158)；情绪=bullish。,是,creator=李红娟; source=偶尔心情好发发群聊
2026-05-12,lihongjuan,李红娟群聊 01:42,gupiao zhuanqian的本质是你买了一只票过后，还有人还愿意用更高的价格买你手里的gupiao。所以大家想去买一只piao之前需要想想后手资金他会怎么做。所以不要一天想着哪个位置低哪个位置更低，更安全。zhuanqian的本质就是跟随大资金做。航天明天如果gaokai就不要追了，如果开的不高，之前持有的滚动做，我自己是3ceng在xw里面反复滚动做。最近航天bankuai都是轮着拉，xb，zs，jl，ty都轮着zhangting。周五htfz，htdl也先后zhangting，那之前的htdz有没有可能来一个？明天可以关注一下。另外ttgf是唯一一个航天gaowei的活口，可以考虑。芯片可以看看dsd和hzjj，前者前期走出辨识度，后者周五suoliang调整。,汉钟精机(002158),芯片设备;通用设备,群聊原话已识别股票线索：汉钟精机(002158)；情绪=risk。,否,creator=李红娟; source=偶尔心情好发发群聊
2026-05-12,lihongjuan,李红娟群聊 14:26,今天卖xw一方面我是想做差，还有原因是我看昨天出来消息定增，我觉得今天它可能会充高回落。后面震荡往上的。没想到直接上去了,信维通信(300136),消费电子;射频,群聊原话已识别股票线索：信维通信(300136)；情绪=risk。,否,creator=李红娟; source=偶尔心情好发发群聊
2026-05-12,lihongjuan,李红娟群聊 01:42,gupiao zhuanqian的本质是你买了一只票过后，还有人还愿意用更高的价格买你手里的gupiao。所以大家想去买一只piao之前需要想想后手资金他会怎么做。所以不要一天想着哪个位置低哪个位置更低，更安全。zhuanqian的本质就是跟随大资金做。航天明天如果gaokai就不要追了，如果开的不高，之前持有的滚动做，我自己是3ceng在xw里面反复滚动做。最近航天bankuai都是轮着拉，xb，zs，jl，ty都轮着zhangting。周五htfz，htdl也先后zhangting，那之前的htdz有没有可能来一个？明天可以关注一下。另外ttgf是唯一一个航天gaowei的活口，可以考虑。芯片可以看看dsd和hzjj，前者前期走出辨识度，后者周五suoliang调整。,信维通信(300136),消费电子;射频,群聊原话已识别股票线索：信维通信(300136)；情绪=risk。,否,creator=李红娟; source=偶尔心情好发发群聊
2026-05-12,lihongjuan,李红娟群聊 13:01,刚刚有人问为什么在商业航天里面精准找出tt的，说一下逻辑大家就明白了。周五前排商业航天全部回调，sj，jl冲高回落，而天通不仅没跳水还创了新高，后排老一批次的商业航天htfz，htdl涨停。所以我就在考虑htdz和htfz是同一批次的，我得放入今天的观察池。tt是航天的活口，加上它的逻辑很硬，是薄膜铌酸锂产业链上游的核心供应商，所以也得放入观察池。早上竞价再一观察，周五的bggf，ysly都开的OK，说明高位piao风险不大，而且开出来的价格也是我喜欢的价格，和htdz比，他的盈亏比更高。所以按纪律只能上。当然zhangting了是运气好，如果没按照自己的走势来，认kui走人就OK。但是做计划是为了防止自己乱出手。,天通股份(600330),商业航天;光通信,群聊原话已识别股票线索：天通股份(600330)；情绪=risk。,否,creator=李红娟; source=偶尔心情好发发群聊
2026-05-12,lihongjuan,李红娟群聊 13:01,刚刚有人问为什么在商业航天里面精准找出tt的，说一下逻辑大家就明白了。周五前排商业航天全部回调，sj，jl冲高回落，而天通不仅没跳水还创了新高，后排老一批次的商业航天htfz，htdl涨停。所以我就在考虑htdz和htfz是同一批次的，我得放入今天的观察池。tt是航天的活口，加上它的逻辑很硬，是薄膜铌酸锂产业链上游的核心供应商，所以也得放入观察池。早上竞价再一观察，周五的bggf，ysly都开的OK，说明高位piao风险不大，而且开出来的价格也是我喜欢的价格，和htdz比，他的盈亏比更高。所以按纪律只能上。当然zhangting了是运气好，如果没按照自己的走势来，认kui走人就OK。但是做计划是为了防止自己乱出手。,天通股份(600330),商业航天;光通信,群聊原话已识别股票线索：天通股份(600330)；情绪=risk。,否,creator=李红娟; source=偶尔心情好发发群聊
2026-05-12,lihongjuan,李红娟群聊 13:01,刚刚有人问为什么在商业航天里面精准找出tt的，说一下逻辑大家就明白了。周五前排商业航天全部回调，sj，jl冲高回落，而天通不仅没跳水还创了新高，后排老一批次的商业航天htfz，htdl涨停。所以我就在考虑htdz和htfz是同一批次的，我得放入今天的观察池。tt是航天的活口，加上它的逻辑很硬，是薄膜铌酸锂产业链上游的核心供应商，所以也得放入观察池。早上竞价再一观察，周五的bggf，ysly都开的OK，说明高位piao风险不大，而且开出来的价格也是我喜欢的价格，和htdz比，他的盈亏比更高。所以按纪律只能上。当然zhangting了是运气好，如果没按照自己的走势来，认kui走人就OK。但是做计划是为了防止自己乱出手。,航天发展(000547),商业航天;军工电子,群聊原话已识别股票线索：航天发展(000547)；情绪=risk。,否,creator=李红娟; source=偶尔心情好发发群聊
2026-05-12,lihongjuan,李红娟群聊 01:42,gupiao zhuanqian的本质是你买了一只票过后，还有人还愿意用更高的价格买你手里的gupiao。所以大家想去买一只piao之前需要想想后手资金他会怎么做。所以不要一天想着哪个位置低哪个位置更低，更安全。zhuanqian的本质就是跟随大资金做。航天明天如果gaokai就不要追了，如果开的不高，之前持有的滚动做，我自己是3ceng在xw里面反复滚动做。最近航天bankuai都是轮着拉，xb，zs，jl，ty都轮着zhangting。周五htfz，htdl也先后zhangting，那之前的htdz有没有可能来一个？明天可以关注一下。另外ttgf是唯一一个航天gaowei的活口，可以考虑。芯片可以看看dsd和hzjj，前者前期走出辨识度，后者周五suoliang调整。,航天发展(000547),商业航天;军工电子,群聊原话已识别股票线索：航天发展(000547)；情绪=risk。,否,creator=李红娟; source=偶尔心情好发发群聊
2026-05-12,lihongjuan,李红娟群聊 13:01,刚刚有人问为什么在商业航天里面精准找出tt的，说一下逻辑大家就明白了。周五前排商业航天全部回调，sj，jl冲高回落，而天通不仅没跳水还创了新高，后排老一批次的商业航天htfz，htdl涨停。所以我就在考虑htdz和htfz是同一批次的，我得放入今天的观察池。tt是航天的活口，加上它的逻辑很硬，是薄膜铌酸锂产业链上游的核心供应商，所以也得放入观察池。早上竞价再一观察，周五的bggf，ysly都开的OK，说明高位piao风险不大，而且开出来的价格也是我喜欢的价格，和htdz比，他的盈亏比更高。所以按纪律只能上。当然zhangting了是运气好，如果没按照自己的走势来，认kui走人就OK。但是做计划是为了防止自己乱出手。,航天动力(600343),商业航天,群聊原话已识别股票线索：航天动力(600343)；情绪=risk。,否,creator=李红娟; source=偶尔心情好发发群聊
2026-05-12,lihongjuan,李红娟群聊 01:42,gupiao zhuanqian的本质是你买了一只票过后，还有人还愿意用更高的价格买你手里的gupiao。所以大家想去买一只piao之前需要想想后手资金他会怎么做。所以不要一天想着哪个位置低哪个位置更低，更安全。zhuanqian的本质就是跟随大资金做。航天明天如果gaokai就不要追了，如果开的不高，之前持有的滚动做，我自己是3ceng在xw里面反复滚动做。最近航天bankuai都是轮着拉，xb，zs，jl，ty都轮着zhangting。周五htfz，htdl也先后zhangting，那之前的htdz有没有可能来一个？明天可以关注一下。另外ttgf是唯一一个航天gaowei的活口，可以考虑。芯片可以看看dsd和hzjj，前者前期走出辨识度，后者周五suoliang调整。,航天动力(600343),商业航天,群聊原话已识别股票线索：航天动力(600343)；情绪=risk。,否,creator=李红娟; source=偶尔心情好发发群聊
2026-05-12,lihongjuan,李红娟群聊 13:01,刚刚有人问为什么在商业航天里面精准找出tt的，说一下逻辑大家就明白了。周五前排商业航天全部回调，sj，jl冲高回落，而天通不仅没跳水还创了新高，后排老一批次的商业航天htfz，htdl涨停。所以我就在考虑htdz和htfz是同一批次的，我得放入今天的观察池。tt是航天的活口，加上它的逻辑很硬，是薄膜铌酸锂产业链上游的核心供应商，所以也得放入观察池。早上竞价再一观察，周五的bggf，ysly都开的OK，说明高位piao风险不大，而且开出来的价格也是我喜欢的价格，和htdz比，他的盈亏比更高。所以按纪律只能上。当然zhangting了是运气好，如果没按照自己的走势来，认kui走人就OK。但是做计划是为了防止自己乱出手。,航天电子(600879),商业航天;军工电子,群聊原话已识别股票线索：航天电子(600879)；情绪=risk。,否,creator=李红娟; source=偶尔心情好发发群聊
2026-05-12,lihongjuan,李红娟群聊 01:42,gupiao zhuanqian的本质是你买了一只票过后，还有人还愿意用更高的价格买你手里的gupiao。所以大家想去买一只piao之前需要想想后手资金他会怎么做。所以不要一天想着哪个位置低哪个位置更低，更安全。zhuanqian的本质就是跟随大资金做。航天明天如果gaokai就不要追了，如果开的不高，之前持有的滚动做，我自己是3ceng在xw里面反复滚动做。最近航天bankuai都是轮着拉，xb，zs，jl，ty都轮着zhangting。周五htfz，htdl也先后zhangting，那之前的htdz有没有可能来一个？明天可以关注一下。另外ttgf是唯一一个航天gaowei的活口，可以考虑。芯片可以看看dsd和hzjj，前者前期走出辨识度，后者周五suoliang调整。,航天电子(600879),商业航天;军工电子,群聊原话已识别股票线索：航天电子(600879)；情绪=risk。,否,creator=李红娟; source=偶尔心情好发发群聊
2026-05-12,longge,抖音评论 13:16,必须金牛化工啊,金牛化工(600722),,评论聚合提及 8 次，有效评论 8 条；risk 情绪；跨来源共振。,否,video_url=https://www.douyin.com/video/7638843681022292665; creator=阿龙闯大A📈; like=5
2026-05-12,wangduoyu,抖音评论 12:05,说金牛化工的呢，来告诉我走不走[灵机一动],金牛化工(600722),,评论聚合提及 8 次，有效评论 8 条；risk 情绪；跨来源共振。,否,video_url=https://www.douyin.com/video/7638843211939586553; creator=王多于-股之子; like=1
2026-05-12,longge,抖音评论 14:36,云南锗业没人敢买吗？,云南锗业(002428),小金属;半导体材料,评论聚合提及 6 次，有效评论 6 条；neutral 情绪；跨来源共振。,是,video_url=https://www.douyin.com/video/7638843681022292665; creator=阿龙闯大A📈; like=1
2026-05-12,wangduoyu,抖音评论 16:13,云南锗业为什么可以涨这么猛？,云南锗业(002428),小金属;半导体材料,评论聚合提及 6 次，有效评论 6 条；neutral 情绪；跨来源共振。,是,video_url=https://www.douyin.com/video/7638911221693658810; creator=王多于-股之子; like=0
2026-05-12,wangduoyu,抖音评论 13:17,山东玻纤,山东玻纤(605006),玻纤,评论聚合提及 6 次，有效评论 6 条；neutral 情绪；跨来源共振。,是,video_url=https://www.douyin.com/video/7638843211939586553; creator=王多于-股之子; like=2
2026-05-12,longge,抖音评论 13:34,目前我持仓紫光国微，万控智造，山东玻纤，又是爽吃的一天,山东玻纤(605006),玻纤,评论聚合提及 6 次，有效评论 6 条；neutral 情绪；跨来源共振。,是,video_url=https://www.douyin.com/video/7638843681022292665; creator=阿龙闯大A📈; like=2
2026-05-12,wangduoyu,抖音评论 13:55,没人看达安基因吗,达安基因(002030),,评论聚合提及 5 次，有效评论 5 条；question 情绪；跨来源共振。,是,video_url=https://www.douyin.com/video/7638843211939586553; creator=王多于-股之子; like=1
2026-05-12,longge,抖音评论 15:48,明天抄底达安基因,达安基因(002030),,评论聚合提及 5 次，有效评论 5 条；question 情绪；跨来源共振。,是,video_url=https://www.douyin.com/video/7638898770701774949; creator=阿龙闯大A📈; like=1
2026-05-12,longge,抖音评论 12:46,远东股份啊，我之前已经说过了,远东股份(600869),,评论聚合提及 4 次，有效评论 4 条；neutral 情绪；跨来源共振。,是,video_url=https://www.douyin.com/video/7638843681022292665; creator=阿龙闯大A📈; like=12
2026-05-12,wangduoyu,抖音评论 11:58,远东股份5个点冲进去了还好涨停了,远东股份(600869),,评论聚合提及 4 次，有效评论 4 条；neutral 情绪；跨来源共振。,是,video_url=https://www.douyin.com/video/7638843211939586553; creator=王多于-股之子; like=1
2026-05-12,longge,抖音评论 15:26,13-15号特朗普概念股 爱普股份 要关爱特朗普 特发信息 特朗普访华要发信息 美诺华 美国承诺访华 川润股份 川普润到中国 华盛昌 特朗普访华起源华盛顿兴盛昌隆 特变电工 川普善变回去以后估计不认账 [呲牙][呲牙][呲牙][呲牙],美诺华(603538),医药,评论聚合提及 4 次，有效评论 4 条；neutral 情绪；跨来源共振。,是,video_url=https://www.douyin.com/video/7638843681022292665; creator=阿龙闯大A📈; like=3
2026-05-12,wangduoyu,抖音评论 11:52,美诺华3跌停了[微笑],美诺华(603538),医药,评论聚合提及 4 次，有效评论 4 条；neutral 情绪；跨来源共振。,是,video_url=https://www.douyin.com/video/7638843211939586553; creator=王多于-股之子; like=1
2026-05-12,longge,抖音评论 13:19,中天科技咋样啊[流泪],中天科技(600522),,评论聚合提及 4 次，有效评论 4 条；neutral 情绪；跨来源共振。,是,video_url=https://www.douyin.com/video/7638843681022292665; creator=阿龙闯大A📈; like=2
2026-05-12,wangduoyu,抖音评论 13:53,中天科技有大佬看看吗？昨天进的[捂脸]。,中天科技(600522),,评论聚合提及 4 次，有效评论 4 条；neutral 情绪；跨来源共振。,是,video_url=https://www.douyin.com/video/7638843211939586553; creator=王多于-股之子; like=0
2026-05-12,longge,抖音评论 14:40,中国西电今天没板上，明天应该能板吧[抠鼻],中国西电(601179),电网设备,评论聚合提及 4 次，有效评论 4 条；neutral 情绪；跨来源共振。,是,video_url=https://www.douyin.com/video/7638843681022292665; creator=阿龙闯大A📈; like=2
2026-05-12,wangduoyu,抖音评论 15:46,进了通达，中国西电,中国西电(601179),电网设备,评论聚合提及 4 次，有效评论 4 条；neutral 情绪；跨来源共振。,是,video_url=https://www.douyin.com/video/7638906996100657317; creator=王多于-股之子; like=0
2026-05-12,longge,抖音评论 12:34,尾盘进大位科技[呲牙],大位科技(600589),AIDC;算力,评论聚合提及 3 次，有效评论 3 条；neutral 情绪；跨来源共振。,是,video_url=https://www.douyin.com/video/7638843681022292665; creator=阿龙闯大A📈; like=24
2026-05-12,wangduoyu,抖音评论 16:07,我只说一次大位科技,大位科技(600589),AIDC;算力,评论聚合提及 3 次，有效评论 3 条；neutral 情绪；跨来源共振。,是,video_url=https://www.douyin.com/video/7638911221693658810; creator=王多于-股之子; like=0
2026-05-12,wangduoyu,抖音评论 11:45,今天电网太强了，进了汉缆股份,汉缆股份(002498),,评论聚合提及 3 次，有效评论 3 条；bullish 情绪；跨来源共振。,是,video_url=https://www.douyin.com/video/7638843211939586553; creator=王多于-股之子; like=2
2026-05-12,longge,抖音评论 16:24,昨天发的汉缆股份有人上车吗？今天进了华锡有色,汉缆股份(002498),,评论聚合提及 3 次，有效评论 3 条；bullish 情绪；跨来源共振。,是,video_url=https://www.douyin.com/video/7638898770701774949; creator=阿龙闯大A📈; like=2
2026-05-12,longge,抖音评论 12:58,中国巨石 坐等起飞,中国巨石(600176),,评论聚合提及 3 次，有效评论 3 条；bullish 情绪；跨来源共振。,是,video_url=https://www.douyin.com/video/7638843681022292665; creator=阿龙闯大A📈; like=4
2026-05-12,wangduoyu,抖音评论 13:55,中国巨石,中国巨石(600176),,评论聚合提及 3 次，有效评论 3 条；bullish 情绪；跨来源共振。,是,video_url=https://www.douyin.com/video/7638843211939586553; creator=王多于-股之子; like=0
2026-05-12,longge,抖音评论 15:26,13-15号特朗普概念股 爱普股份 要关爱特朗普 特发信息 特朗普访华要发信息 美诺华 美国承诺访华 川润股份 川普润到中国 华盛昌 特朗普访华起源华盛顿兴盛昌隆 特变电工 川普善变回去以后估计不认账 [呲牙][呲牙][呲牙][呲牙],特发信息(000070),,评论聚合提及 3 次，有效评论 3 条；neutral 情绪；跨来源共振。,是,video_url=https://www.douyin.com/video/7638843681022292665; creator=阿龙闯大A📈; like=3
2026-05-12,wangduoyu,抖音评论 12:29,义父们，特发信息怎么样,特发信息(000070),,评论聚合提及 3 次，有效评论 3 条；neutral 情绪；跨来源共振。,是,video_url=https://www.douyin.com/video/7638843211939586553; creator=王多于-股之子; like=0
2026-05-12,longge,抖音评论 12:24,盈峰环境这个还能要不,盈峰环境(000967),环保设备,评论聚合提及 3 次，有效评论 3 条；neutral 情绪；跨来源共振。,是,video_url=https://www.douyin.com/video/7638843681022292665; creator=阿龙闯大A📈; like=1
2026-05-12,wangduoyu,抖音评论 14:27,盈峰环境怎么样啊，重仓了[尬笑][尬笑][尬笑][尬笑],盈峰环境(000967),环保设备,评论聚合提及 3 次，有效评论 3 条；neutral 情绪；跨来源共振。,是,video_url=https://www.douyin.com/video/7638843211939586553; creator=王多于-股之子; like=0
2026-05-12,wangduoyu,抖音评论 12:55,多氟多和格林美的有没有？,多氟多(002407),,评论聚合提及 3 次，有效评论 3 条；question 情绪；跨来源共振。,是,video_url=https://www.douyin.com/video/7638843211939586553; creator=王多于-股之子; like=1
2026-05-12,longge,抖音评论 12:16,多氟多还有希望吗[泪奔],多氟多(002407),,评论聚合提及 3 次，有效评论 3 条；question 情绪；跨来源共振。,是,video_url=https://www.douyin.com/video/7638843681022292665; creator=阿龙闯大A📈; like=0
2026-05-12,wangduoyu,抖音评论 12:14,空仓了[无语流汗]打板进的中金岭南现在是一坨,中金岭南(000060),,评论聚合提及 3 次，有效评论 3 条；neutral 情绪；跨来源共振。,是,video_url=https://www.douyin.com/video/7638843211939586553; creator=王多于-股之子; like=0
2026-05-12,longge,抖音评论 15:35,中金岭南还有救吗？我高位进的[泪奔],中金岭南(000060),,评论聚合提及 3 次，有效评论 3 条；neutral 情绪；跨来源共振。,是,video_url=https://www.douyin.com/video/7638843681022292665; creator=阿龙闯大A📈; like=0
2026-05-12,wangduoyu,抖音评论 16:38,大连热电说3次了哈,大连热电(600719),,评论聚合提及 2 次，有效评论 2 条；neutral 情绪；跨来源共振。,是,video_url=https://www.douyin.com/video/7638911221693658810; creator=王多于-股之子; like=4
2026-05-12,longge,抖音评论 15:12,大连热电！,大连热电(600719),,评论聚合提及 2 次，有效评论 2 条；neutral 情绪；跨来源共振。,是,video_url=https://www.douyin.com/video/7638898770701774949; creator=阿龙闯大A📈; like=0
2026-05-12,longge,抖音评论 13:32,江特电机，减持住,江特电机(002176),,评论聚合提及 2 次，有效评论 2 条；neutral 情绪；跨来源共振。,是,video_url=https://www.douyin.com/video/7638843681022292665; creator=阿龙闯大A📈; like=3
2026-05-12,wangduoyu,抖音评论 15:46,江特电机还在,江特电机(002176),,评论聚合提及 2 次，有效评论 2 条；neutral 情绪；跨来源共振。,是,video_url=https://www.douyin.com/video/7638906996100657317; creator=王多于-股之子; like=0
2026-05-12,wangduoyu,抖音评论 12:55,多氟多和格林美的有没有？,格林美(002340),,评论聚合提及 2 次，有效评论 2 条；question 情绪；跨来源共振。,是,video_url=https://www.douyin.com/video/7638843211939586553; creator=王多于-股之子; like=1
2026-05-12,longge,抖音评论 12:45,有没有大哥说说格林美和江特[尬笑],格林美(002340),,评论聚合提及 2 次，有效评论 2 条；question 情绪；跨来源共振。,是,video_url=https://www.douyin.com/video/7638843681022292665; creator=阿龙闯大A📈; like=0
2026-05-12,wangduoyu,抖音评论 15:47,驰宏锌锗怎么样,驰宏锌锗(600497),,评论聚合提及 2 次，有效评论 2 条；neutral 情绪；跨来源共振。,是,video_url=https://www.douyin.com/video/7638843211939586553; creator=王多于-股之子; like=1
2026-05-12,longge,抖音评论 15:12,驰宏锌锗怎么不涨啊？同样是锗,驰宏锌锗(600497),,评论聚合提及 2 次，有效评论 2 条；neutral 情绪；跨来源共振。,是,video_url=https://www.douyin.com/video/7638843681022292665; creator=阿龙闯大A📈; like=0
2026-05-12,longge,抖音评论 15:23,东阳光不应该止于此，秦淮数据被低估了,东阳光(600673),,评论聚合提及 2 次，有效评论 2 条；neutral 情绪；跨来源共振。,是,video_url=https://www.douyin.com/video/7638843681022292665; creator=阿龙闯大A📈; like=1
2026-05-12,wangduoyu,抖音评论 13:30,东阳光可以吗,东阳光(600673),,评论聚合提及 2 次，有效评论 2 条；neutral 情绪；跨来源共振。,是,video_url=https://www.douyin.com/video/7638843211939586553; creator=王多于-股之子; like=0
2026-05-12,wangduoyu,抖音评论 15:00,启明星辰可以拿吗？,启明星辰(002439),,评论聚合提及 2 次，有效评论 2 条；question 情绪；跨来源共振。,是,video_url=https://www.douyin.com/video/7638843211939586553; creator=王多于-股之子; like=0
2026-05-12,longge,抖音评论 14:57,有大哥说说启明星辰还能拿吗？,启明星辰(002439),,评论聚合提及 2 次，有效评论 2 条；question 情绪；跨来源共振。,是,video_url=https://www.douyin.com/video/7638843681022292665; creator=阿龙闯大A📈; like=0
2026-05-12,wangduoyu,抖音评论 13:52,卓郎智能又来了[捂脸],卓郎智能(600545),工业母机,评论聚合提及 2 次，有效评论 2 条；neutral 情绪；跨来源共振。,是,video_url=https://www.douyin.com/video/7638843211939586553; creator=王多于-股之子; like=0
2026-05-12,longge,抖音评论 14:28,昨天大哥推的卓郎智能下午不错[赞],卓郎智能(600545),工业母机,评论聚合提及 2 次，有效评论 2 条；neutral 情绪；跨来源共振。,是,video_url=https://www.douyin.com/video/7638843681022292665; creator=阿龙闯大A📈; like=0
2026-05-12,wangduoyu,抖音评论 14:36,长电科技可以吗,长电科技(600584),,评论聚合提及 2 次，有效评论 2 条；question 情绪；跨来源共振。,是,video_url=https://www.douyin.com/video/7638843211939586553; creator=王多于-股之子; like=0
2026-05-12,longge,抖音评论 14:23,长电科技,长电科技(600584),,评论聚合提及 2 次，有效评论 2 条；question 情绪；跨来源共振。,是,video_url=https://www.douyin.com/video/7638843681022292665; creator=阿龙闯大A📈; like=0
2026-05-12,wangduoyu,抖音评论 16:35,长城军工能看到多少啊大佬[玫瑰][玫瑰][玫瑰],长城军工(601606),,评论聚合提及 2 次，有效评论 2 条；question 情绪；跨来源共振。,是,video_url=https://www.douyin.com/video/7638911221693658810; creator=王多于-股之子; like=0
2026-05-12,longge,抖音评论 16:34,长城军工能看到多少[戳手手],长城军工(601606),,评论聚合提及 2 次，有效评论 2 条；question 情绪；跨来源共振。,是,video_url=https://www.douyin.com/video/7638898770701774949; creator=阿龙闯大A📈; like=0
2026-05-12,wangduoyu,抖音评论 15:49,大唐发电太猛了[流泪],大唐发电(601991),电力,评论聚合提及 2 次，有效评论 2 条；neutral 情绪；跨来源共振。,是,video_url=https://www.douyin.com/video/7638906996100657317; creator=王多于-股之子; like=0
2026-05-12,longge,抖音评论 15:49,大唐发电怎么样,大唐发电(601991),电力,评论聚合提及 2 次，有效评论 2 条；neutral 情绪；跨来源共振。,是,video_url=https://www.douyin.com/video/7638843681022292665; creator=阿龙闯大A📈; like=0
2026-05-12,longge,抖音评论 15:11,再说一遍，苏州高新 （今天被洗掉的点个赞），连续三天暴力洗盘，明天估计大阳线新高了。,苏州高新(600736),,评论聚合提及 3 次，有效评论 3 条；neutral 情绪；单来源线索。,待确认,video_url=https://www.douyin.com/video/7638898770701774949; creator=阿龙闯大A📈; like=27
2026-05-12,wangduoyu,抖音评论 12:44,川能动力，通威股份，小商品城，是谁说的[泣不成声][泣不成声][泣不成声]惨惨惨,小商品城(600415),,评论聚合提及 3 次，有效评论 3 条；neutral 情绪；单来源线索。,待确认,video_url=https://www.douyin.com/video/7638843211939586553; creator=王多于-股之子; like=5
2026-05-12,longge,抖音评论 13:58,平潭发展，可以埋伏,平潭发展(000592),林业;福建自贸区,评论聚合提及 3 次，有效评论 3 条；neutral 情绪；单来源线索。,待确认,video_url=https://www.douyin.com/video/7638843681022292665; creator=阿龙闯大A📈; like=5
2026-05-12,longge,抖音评论 11:37,奥瑞德来个大哥拉个涨停 让我出来[流泪],奥瑞德(600666),,评论聚合提及 3 次，有效评论 3 条；bullish 情绪；单来源线索。,待确认,video_url=https://www.douyin.com/video/7638843681022292665; creator=阿龙闯大A📈; like=3
2026-05-12,longge,抖音评论 13:50,中国能建让我涨停一下吧,中国能建(601868),,评论聚合提及 3 次，有效评论 3 条；neutral 情绪；单来源线索。,待确认,video_url=https://www.douyin.com/video/7638843681022292665; creator=阿龙闯大A📈; like=3
2026-05-12,longge,抖音评论 12:27,杀进甘肃能源，就看明天能不能吃肉了[看],甘肃能源(000791),,评论聚合提及 3 次，有效评论 3 条；question 情绪；单来源线索。,待确认,video_url=https://www.douyin.com/video/7638843681022292665; creator=阿龙闯大A📈; like=2
2026-05-12,longge,抖音评论 13:09,说福龙马和盐湖的，我真的是谢谢了[流泪],福龙马(603686),,评论聚合提及 3 次，有效评论 3 条；neutral 情绪；单来源线索。,待确认,video_url=https://www.douyin.com/video/7638843681022292665; creator=阿龙闯大A📈; like=2
2026-05-12,longge,抖音评论 14:27,今天进了中国长城,中国长城(000066),,评论聚合提及 3 次，有效评论 3 条；neutral 情绪；单来源线索。,待确认,video_url=https://www.douyin.com/video/7638843681022292665; creator=阿龙闯大A📈; like=1
2026-05-12,longge,抖音评论 12:41,三安光电也不错,三安光电(600703),,评论聚合提及 3 次，有效评论 3 条；neutral 情绪；单来源线索。,待确认,video_url=https://www.douyin.com/video/7638843681022292665; creator=阿龙闯大A📈; like=1
2026-05-12,longge,抖音评论 13:48,美利云怎么说,美利云(000815),,评论聚合提及 3 次，有效评论 3 条；neutral 情绪；单来源线索。,待确认,video_url=https://www.douyin.com/video/7638843681022292665; creator=阿龙闯大A📈; like=0
2026-05-12,longge,抖音评论 13:34,目前我持仓紫光国微，万控智造，山东玻纤，又是爽吃的一天,紫光国微(002049),,评论聚合提及 3 次，有效评论 3 条；neutral 情绪；单来源线索。,待确认,video_url=https://www.douyin.com/video/7638843681022292665; creator=阿龙闯大A📈; like=2
2026-05-12,longge,抖音评论 13:34,目前我持仓紫光国微，万控智造，山东玻纤，又是爽吃的一天,万控智造(603070),,评论聚合提及 3 次，有效评论 3 条；neutral 情绪；单来源线索。,待确认,video_url=https://www.douyin.com/video/7638843681022292665; creator=阿龙闯大A📈; like=2
2026-05-12,wangduoyu,抖音评论 12:44,川能动力，通威股份，小商品城，是谁说的[泣不成声][泣不成声][泣不成声]惨惨惨,川能动力(000155),,评论聚合提及 2 次，有效评论 2 条；neutral 情绪；单来源线索。,待确认,video_url=https://www.douyin.com/video/7638843211939586553; creator=王多于-股之子; like=5
2026-05-12,longge,抖音评论 13:40,中航西飞，大胆进，在特朗普回美国之前还没启动就出,中航西飞(000768),,评论聚合提及 2 次，有效评论 2 条；neutral 情绪；单来源线索。,待确认,video_url=https://www.douyin.com/video/7638843681022292665; creator=阿龙闯大A📈; like=5
2026-05-12,longge,抖音评论 12:35,在这听每个人说买了高德红外，一买连着绿了那么多天，进去没红过[捂脸],高德红外(002414),,评论聚合提及 2 次，有效评论 2 条；bullish 情绪；单来源线索。,待确认,video_url=https://www.douyin.com/video/7638843681022292665; creator=阿龙闯大A📈; like=7
2026-05-12,longge,抖音评论 14:24,山子高科,山子高科(000981),,评论聚合提及 2 次，有效评论 2 条；neutral 情绪；单来源线索。,待确认,video_url=https://www.douyin.com/video/7638843681022292665; creator=阿龙闯大A📈; like=4
2026-05-12,wangduoyu,抖音评论 13:19,大唐电信有人吗？,大唐电信(600198),,评论聚合提及 2 次，有效评论 2 条；question 情绪；单来源线索。,待确认,video_url=https://www.douyin.com/video/7638843211939586553; creator=王多于-股之子; like=3
2026-05-12,wangduoyu,抖音评论 12:33,说中电电机的那哥们还在吗[捂脸]昨天高位进的，到今天绿了快一块了,中电电机(603988),,评论聚合提及 2 次，有效评论 2 条；bearish 情绪；单来源线索。,待确认,video_url=https://www.douyin.com/video/7638843211939586553; creator=王多于-股之子; like=3
2026-05-12,longge,抖音评论 13:37,铜陵有色怎么看,铜陵有色(000630),,评论聚合提及 2 次，有效评论 2 条；question 情绪；单来源线索。,待确认,video_url=https://www.douyin.com/video/7638843681022292665; creator=阿龙闯大A📈; like=1
2026-05-12,longge,抖音评论 15:25,顺灏股份还有戏吗,顺灏股份(002565),,评论聚合提及 2 次，有效评论 2 条；question 情绪；单来源线索。,待确认,video_url=https://www.douyin.com/video/7638898770701774949; creator=阿龙闯大A📈; like=1
2026-05-12,longge,抖音评论 12:57,那个大神给我看看金富科技和润泽科技[感谢],金富科技(003018),,评论聚合提及 2 次，有效评论 2 条；neutral 情绪；单来源线索。,待确认,video_url=https://www.douyin.com/video/7638843681022292665; creator=阿龙闯大A📈; like=1
2026-05-12,longge,抖音评论 12:57,那个大神给我看看金富科技和润泽科技[感谢],润泽科技(300442),AIDC;数据中心,评论聚合提及 2 次，有效评论 2 条；neutral 情绪；单来源线索。,待确认,video_url=https://www.douyin.com/video/7638843681022292665; creator=阿龙闯大A📈; like=1
2026-05-12,longge,抖音评论 12:10,华电辽能走吗,华电辽能(600396),电力,评论聚合提及 2 次，有效评论 2 条；question 情绪；单来源线索。,待确认,video_url=https://www.douyin.com/video/7638843681022292665; creator=阿龙闯大A📈; like=1
2026-05-12,wangduoyu,抖音评论 16:09,航天发展怎么看[泪奔],航天发展(000547),商业航天;军工电子,评论聚合提及 2 次，有效评论 2 条；question 情绪；单来源线索。,待确认,video_url=https://www.douyin.com/video/7638843211939586553; creator=王多于-股之子; like=0
2026-05-12,longge,抖音评论 13:58,必须新能泰山,新能泰山(000720),电网设备;电力,评论聚合提及 2 次，有效评论 2 条；neutral 情绪；单来源线索。,待确认,video_url=https://www.douyin.com/video/7638843681022292665; creator=阿龙闯大A📈; like=0
2026-05-12,longge,抖音评论 14:47,晋控电力应该还有好几个板,晋控电力(000767),,评论聚合提及 2 次，有效评论 2 条；neutral 情绪；单来源线索。,待确认,video_url=https://www.douyin.com/video/7638843681022292665; creator=阿龙闯大A📈; like=0
2026-05-12,longge,抖音评论 15:13,银星能源，明天起飞,银星能源(000862),,评论聚合提及 2 次，有效评论 2 条；question 情绪；单来源线索。,待确认,video_url=https://www.douyin.com/video/7638898770701774949; creator=阿龙闯大A📈; like=0
2026-05-12,longge,抖音评论 15:02,华天科技怎么样，有大哥知道吗,华天科技(002185),,评论聚合提及 2 次，有效评论 2 条；question 情绪；单来源线索。,待确认,video_url=https://www.douyin.com/video/7638843681022292665; creator=阿龙闯大A📈; like=0
2026-05-12,longge,抖音评论 13:54,合力泰,合力泰(002217),消费电子;光学光电子,评论聚合提及 2 次，有效评论 2 条；neutral 情绪；单来源线索。,待确认,video_url=https://www.douyin.com/video/7638843681022292665; creator=阿龙闯大A📈; like=0
2026-05-12,longge,抖音评论 16:36,通达股份,通达股份(002560),,评论聚合提及 2 次，有效评论 2 条；neutral 情绪；单来源线索。,待确认,video_url=https://www.douyin.com/video/7638843681022292665; creator=阿龙闯大A📈; like=0
2026-05-12,longge,抖音评论 13:16,赤天化咋样啊,赤天化(600227),,评论聚合提及 2 次，有效评论 2 条；neutral 情绪；单来源线索。,待确认,video_url=https://www.douyin.com/video/7638843681022292665; creator=阿龙闯大A📈; like=0
2026-05-12,longge,抖音评论 16:14,太极实业,太极实业(600667),,评论聚合提及 2 次，有效评论 2 条；neutral 情绪；单来源线索。,待确认,video_url=https://www.douyin.com/video/7638843681022292665; creator=阿龙闯大A📈; like=0
2026-05-12,longge,抖音评论 15:21,金开新能，哪位大神指点一下[感谢][感谢],金开新能(600821),电力,评论聚合提及 2 次，有效评论 2 条；neutral 情绪；单来源线索。,待确认,video_url=https://www.douyin.com/video/7638898770701774949; creator=阿龙闯大A📈; like=0
2026-05-12,longge,抖音评论 14:24,节能风电,节能风电(601016),电力;风电,评论聚合提及 2 次，有效评论 2 条；neutral 情绪；单来源线索。,待确认,video_url=https://www.douyin.com/video/7638843681022292665; creator=阿龙闯大A📈; like=0
2026-05-12,longge,抖音评论 14:20,说了一个星期的华正新材 没人理我 算了 不玩了,华正新材(603186),,评论聚合提及 1 次，有效评论 1 条；neutral 情绪；单来源线索。,待确认,video_url=https://www.douyin.com/video/7638843681022292665; creator=阿龙闯大A📈; like=11
2026-05-12,longge,抖音评论 13:43,我也来说一个吧，生益科技，今天买入，明天如果冲高不涨停就走。,生益科技(600183),,评论聚合提及 1 次，有效评论 1 条；question 情绪；单来源线索。,待确认,video_url=https://www.douyin.com/video/7638843681022292665; creator=阿龙闯大A📈; like=8
2026-05-12,wangduoyu,抖音评论 12:44,川能动力，通威股份，小商品城，是谁说的[泣不成声][泣不成声][泣不成声]惨惨惨,通威股份(600438),,评论聚合提及 1 次，有效评论 1 条；neutral 情绪；单来源线索。,待确认,video_url=https://www.douyin.com/video/7638843211939586553; creator=王多于-股之子; like=5
2026-05-12,longge,抖音评论 15:24,三花智控！！！ 划重点！！！,三花智控(002050),,评论聚合提及 1 次，有效评论 1 条；neutral 情绪；单来源线索。,待确认,video_url=https://www.douyin.com/video/7638843681022292665; creator=阿龙闯大A📈; like=4
2026-05-12,longge,抖音评论 13:55,四维图新 看明天,四维图新(002405),,评论聚合提及 1 次，有效评论 1 条；question 情绪；单来源线索。,待确认,video_url=https://www.douyin.com/video/7638843681022292665; creator=阿龙闯大A📈; like=4
2026-05-12,longge,抖音评论 12:57,意华股份,意华股份(002897),,评论聚合提及 1 次，有效评论 1 条；neutral 情绪；单来源线索。,待确认,video_url=https://www.douyin.com/video/7638843681022292665; creator=阿龙闯大A📈; like=4
2026-05-12,longge,抖音评论 14:44,刚进了中视传媒 等龙,中视传媒(600088),,评论聚合提及 1 次，有效评论 1 条；neutral 情绪；单来源线索。,待确认,video_url=https://www.douyin.com/video/7638843681022292665; creator=阿龙闯大A📈; like=4
2026-05-12,longge,抖音评论 13:54,京运通,京运通(601908),,评论聚合提及 1 次，有效评论 1 条；neutral 情绪；单来源线索。,待确认,video_url=https://www.douyin.com/video/7638843681022292665; creator=阿龙闯大A📈; like=4
2026-05-12,longge,抖音评论 15:26,13-15号特朗普概念股 爱普股份 要关爱特朗普 特发信息 特朗普访华要发信息 美诺华 美国承诺访华 川润股份 川普润到中国 华盛昌 特朗普访华起源华盛顿兴盛昌隆 特变电工 川普善变回去以后估计不认账 [呲牙][呲牙][呲牙][呲牙],川润股份(002272),,评论聚合提及 1 次，有效评论 1 条；neutral 情绪；单来源线索。,待确认,video_url=https://www.douyin.com/video/7638843681022292665; creator=阿龙闯大A📈; like=3
2026-05-12,longge,抖音评论 15:26,13-15号特朗普概念股 爱普股份 要关爱特朗普 特发信息 特朗普访华要发信息 美诺华 美国承诺访华 川润股份 川普润到中国 华盛昌 特朗普访华起源华盛顿兴盛昌隆 特变电工 川普善变回去以后估计不认账 [呲牙][呲牙][呲牙][呲牙],华盛昌(002980),,评论聚合提及 1 次，有效评论 1 条；neutral 情绪；单来源线索。,待确认,video_url=https://www.douyin.com/video/7638843681022292665; creator=阿龙闯大A📈; like=3
2026-05-12,longge,抖音评论 15:26,13-15号特朗普概念股 爱普股份 要关爱特朗普 特发信息 特朗普访华要发信息 美诺华 美国承诺访华 川润股份 川普润到中国 华盛昌 特朗普访华起源华盛顿兴盛昌隆 特变电工 川普善变回去以后估计不认账 [呲牙][呲牙][呲牙][呲牙],特变电工(600089),,评论聚合提及 1 次，有效评论 1 条；neutral 情绪；单来源线索。,待确认,video_url=https://www.douyin.com/video/7638843681022292665; creator=阿龙闯大A📈; like=3
2026-05-12,longge,抖音评论 14:50,隆基绿能底部建仓了,隆基绿能(601012),,评论聚合提及 1 次，有效评论 1 条；neutral 情绪；单来源线索。,待确认,video_url=https://www.douyin.com/video/7638843681022292665; creator=阿龙闯大A📈; like=3
2026-05-12,longge,抖音评论 15:26,13-15号特朗普概念股 爱普股份 要关爱特朗普 特发信息 特朗普访华要发信息 美诺华 美国承诺访华 川润股份 川普润到中国 华盛昌 特朗普访华起源华盛顿兴盛昌隆 特变电工 川普善变回去以后估计不认账 [呲牙][呲牙][呲牙][呲牙],爱普股份(603020),,评论聚合提及 1 次，有效评论 1 条；neutral 情绪；单来源线索。,待确认,video_url=https://www.douyin.com/video/7638843681022292665; creator=阿龙闯大A📈; like=3
2026-05-12,longge,抖音评论 15:54,明天英威腾给我上条龙,英威腾(002334),,评论聚合提及 1 次，有效评论 1 条；question 情绪；单来源线索。,待确认,video_url=https://www.douyin.com/video/7638843681022292665; creator=阿龙闯大A📈; like=2
2026-05-12,longge,抖音评论 15:48,良信股份，今天这么一砸反而活了[看],良信股份(002706),低压电器;AIDC,评论聚合提及 1 次，有效评论 1 条；neutral 情绪；单来源线索。,待确认,video_url=https://www.douyin.com/video/7638898770701774949; creator=阿龙闯大A📈; like=2
2026-05-12,longge,抖音评论 16:39,明天光电股份，给我上龙,光电股份(600184),,评论聚合提及 1 次，有效评论 1 条；question 情绪；单来源线索。,待确认,video_url=https://www.douyin.com/video/7638898770701774949; creator=阿龙闯大A📈; like=2
2026-05-12,longge,抖音评论 15:30,莲花控股差不多了，后面看一路小阳,莲花控股(600186),,评论聚合提及 1 次，有效评论 1 条；risk 情绪；单来源线索。,否,video_url=https://www.douyin.com/video/7638898770701774949; creator=阿龙闯大A📈; like=2
2026-05-12,longge,抖音评论 16:24,昨天发的汉缆股份有人上车吗？今天进了华锡有色,华锡有色(600301),,评论聚合提及 1 次，有效评论 1 条；question 情绪；单来源线索。,待确认,video_url=https://www.douyin.com/video/7638898770701774949; creator=阿龙闯大A📈; like=2
2026-05-12,wangduoyu,抖音评论 12:10,西藏珠峰套我8个点,西藏珠峰(600338),,评论聚合提及 1 次，有效评论 1 条；risk 情绪；单来源线索。,否,video_url=https://www.douyin.com/video/7638843211939586553; creator=王多于-股之子; like=2
2026-05-12,longge,抖音评论 13:08,川投能源，别问我为什么[看],川投能源(600674),,评论聚合提及 1 次，有效评论 1 条；neutral 情绪；单来源线索。,待确认,video_url=https://www.douyin.com/video/7638843681022292665; creator=阿龙闯大A📈; like=2
2026-05-12,longge,抖音评论 15:35,有人在 中贝通信吗？入手2天了 还在坚守,中贝通信(603220),,评论聚合提及 1 次，有效评论 1 条；question 情绪；单来源线索。,待确认,video_url=https://www.douyin.com/video/7638898770701774949; creator=阿龙闯大A📈; like=2
