date,code,name,exchange,adjustment,open,high,low,close,pre_close,change,pct_change,amplitude_pct,volume_lot,volume_shares,amount_wan,amount_yuan,turnover_rate_pct,ma5,ma10,ma20,ma60,vol_ma5_lot,vol_ma10_lot,vol_ma20_lot,high_20,low_20,high_60,low_60,bar_status,quote_time,source
2025-05-19,000727,冠捷科技,SZ,bfq,2.430,2.480,2.410,2.460,2.430,0.030,1.23,2.88,560033,56003300,13708.82,137088200.00,1.24,2.462,2.460,2.441,2.687,545989,701541,666277,2.570,2.220,3.250,2.120,closed,,tencent_newfqkline
2025-05-20,000727,冠捷科技,SZ,bfq,2.460,2.510,2.440,2.500,2.460,0.040,1.63,2.85,723823,72382300,17958.52,179585200.00,1.60,2.466,2.466,2.445,2.682,561743,663445,677740,2.570,2.220,3.250,2.120,closed,,tencent_newfqkline
2025-05-21,000727,冠捷科技,SZ,bfq,2.500,2.500,2.440,2.450,2.500,-0.050,-2.00,2.40,605264,60526400,14869.35,148693500.00,1.34,2.456,2.466,2.446,2.675,557846,644707,683146,2.570,2.220,3.250,2.120,closed,,tencent_newfqkline
2025-05-22,000727,冠捷科技,SZ,bfq,2.440,2.490,2.420,2.420,2.450,-0.030,-1.22,2.86,562794,56279400,13777.81,137778100.00,1.24,2.452,2.461,2.442,2.665,566375,623515,683728,2.570,2.220,3.250,2.120,closed,,tencent_newfqkline
2025-05-23,000727,冠捷科技,SZ,bfq,2.430,2.430,2.360,2.360,2.420,-0.060,-2.48,2.89,753607,75360700,18032.30,180323000.00,1.66,2.438,2.453,2.437,2.654,641104,608023,695150,2.570,2.220,3.250,2.120,closed,,tencent_newfqkline
2025-05-26,000727,冠捷科技,SZ,bfq,2.370,2.400,2.360,2.380,2.360,0.020,0.85,1.69,427877,42787700,10193.43,101934300.00,0.94,2.422,2.442,2.432,2.643,614673,580331,685909,2.570,2.220,3.250,2.120,closed,,tencent_newfqkline
2025-05-27,000727,冠捷科技,SZ,bfq,2.380,2.390,2.340,2.370,2.380,-0.010,-0.42,2.10,438399,43839900,10338.40,103384000.00,0.97,2.396,2.431,2.428,2.631,557588,559666,681355,2.570,2.220,3.250,2.120,closed,,tencent_newfqkline
2025-05-28,000727,冠捷科技,SZ,bfq,2.360,2.390,2.330,2.340,2.370,-0.030,-1.27,2.53,416464,41646400,9788.67,97886700.00,0.92,2.374,2.415,2.421,2.620,519828,538837,670544,2.570,2.220,3.250,2.120,closed,,tencent_newfqkline
2025-05-29,000727,冠捷科技,SZ,bfq,2.340,2.410,2.340,2.400,2.340,0.060,2.56,2.99,647908,64790800,15493.52,154935200.00,1.43,2.370,2.411,2.421,2.613,536851,551613,670451,2.570,2.220,3.250,2.120,closed,,tencent_newfqkline
2025-05-30,000727,冠捷科技,SZ,bfq,2.400,2.410,2.330,2.330,2.400,-0.070,-2.92,3.33,612374,61237400,14390.71,143907100.00,1.35,2.364,2.401,2.423,2.604,508604,574854,642162,2.570,2.300,3.250,2.120,closed,,tencent_newfqkline
2025-06-03,000727,冠捷科技,SZ,bfq,2.320,2.350,2.310,2.330,2.330,0.000,0.00,1.72,337276,33727600,7869.53,78695300.00,0.74,2.354,2.388,2.424,2.595,490484,552579,627060,2.570,2.310,3.250,2.120,closed,,tencent_newfqkline
2025-06-04,000727,冠捷科技,SZ,bfq,2.330,2.370,2.320,2.360,2.330,0.030,1.29,2.15,469493,46949300,11053.06,110530600.00,1.04,2.352,2.374,2.420,2.586,496703,527146,595295,2.570,2.310,3.250,2.120,closed,,tencent_newfqkline
2025-06-05,000727,冠捷科技,SZ,bfq,2.360,2.400,2.340,2.370,2.360,0.010,0.42,2.54,521161,52116100,12338.77,123387700.00,1.15,2.358,2.366,2.416,2.577,517642,518735,581721,2.570,2.310,3.250,2.120,closed,,tencent_newfqkline
2025-06-06,000727,冠捷科技,SZ,bfq,2.380,2.380,2.340,2.360,2.370,-0.010,-0.42,1.69,377494,37749400,8892.15,88921500.00,0.83,2.350,2.360,2.410,2.564,463560,500205,561860,2.570,2.310,3.160,2.120,closed,,tencent_newfqkline
2025-06-09,000727,冠捷科技,SZ,bfq,2.360,2.390,2.350,2.380,2.360,0.020,0.85,1.69,440780,44078000,10455.70,104557000.00,0.97,2.360,2.362,2.407,2.553,429241,468923,538473,2.540,2.310,3.140,2.120,closed,,tencent_newfqkline
2025-06-10,000727,冠捷科技,SZ,bfq,2.380,2.380,2.310,2.340,2.380,-0.040,-1.68,2.94,559896,55989600,13122.42,131224200.00,1.24,2.362,2.358,2.400,2.541,473765,482124,531228,2.540,2.310,3.140,2.120,closed,,tencent_newfqkline
2025-06-11,000727,冠捷科技,SZ,bfq,2.340,2.430,2.340,2.370,2.340,0.030,1.28,3.85,1000272,100027200,23925.27,239252700.00,2.21,2.364,2.358,2.394,2.530,579921,538312,548989,2.510,2.310,3.100,2.120,closed,,tencent_newfqkline
2025-06-12,000727,冠捷科技,SZ,bfq,2.370,2.410,2.350,2.360,2.370,-0.010,-0.42,2.53,603154,60315400,14348.20,143482000.00,1.33,2.362,2.360,2.388,2.519,596319,556981,547909,2.510,2.310,3.100,2.120,closed,,tencent_newfqkline
2025-06-13,000727,冠捷科技,SZ,bfq,2.360,2.370,2.310,2.320,2.360,-0.040,-1.69,2.54,673944,67394400,15686.19,156861900.00,1.49,2.354,2.352,2.381,2.507,655609,559584,555599,2.510,2.310,3.100,2.120,closed,,tencent_newfqkline
2025-06-16,000727,冠捷科技,SZ,bfq,2.310,2.330,2.300,2.320,2.320,0.000,0.00,1.29,394069,39406900,9127.03,91270300.00,0.87,2.342,2.351,2.376,2.496,646267,537754,556304,2.510,2.300,3.080,2.120,closed,,tencent_newfqkline
2025-06-17,000727,冠捷科技,SZ,bfq,2.330,2.350,2.310,2.340,2.320,0.020,0.86,1.72,386989,38698900,9040.64,90406400.00,0.85,2.342,2.352,2.370,2.484,611686,542725,547652,2.510,2.300,3.050,2.120,closed,,tencent_newfqkline
2025-06-18,000727,冠捷科技,SZ,bfq,2.330,2.390,2.310,2.370,2.340,0.030,1.28,3.42,672004,67200400,15847.35,158473500.00,1.48,2.342,2.353,2.363,2.474,546032,562976,545061,2.500,2.300,3.020,2.120,closed,,tencent_newfqkline
2025-06-19,000727,冠捷科技,SZ,bfq,2.360,2.410,2.320,2.330,2.370,-0.040,-1.69,3.80,595747,59574700,14064.82,140648200.00,1.32,2.336,2.349,2.357,2.463,544551,570435,544585,2.490,2.300,2.960,2.120,closed,,tencent_newfqkline
2025-06-20,000727,冠捷科技,SZ,bfq,2.330,2.380,2.320,2.330,2.330,0.000,0.00,2.58,550251,55025100,12913.77,129137700.00,1.21,2.338,2.346,2.353,2.454,519812,587711,543958,2.430,2.300,2.910,2.120,closed,,tencent_newfqkline
2025-06-23,000727,冠捷科技,SZ,bfq,2.310,2.370,2.300,2.350,2.330,0.020,0.86,3.00,541506,54150600,12686.92,126869200.00,1.20,2.344,2.343,2.353,2.446,549299,597783,533353,2.430,2.300,2.850,2.120,closed,,tencent_newfqkline
2025-06-24,000727,冠捷科技,SZ,bfq,2.350,2.410,2.350,2.400,2.350,0.050,2.13,2.55,859063,85906300,20528.12,205281200.00,1.90,2.356,2.349,2.353,2.439,643714,627700,554912,2.430,2.300,2.840,2.120,closed,,tencent_newfqkline
2025-06-25,000727,冠捷科技,SZ,bfq,2.400,2.420,2.370,2.420,2.400,0.020,0.83,2.08,755543,75554300,18082.34,180823400.00,1.67,2.366,2.354,2.356,2.432,660422,603227,570769,2.430,2.300,2.840,2.120,closed,,tencent_newfqkline
2025-06-26,000727,冠捷科技,SZ,bfq,2.420,2.440,2.400,2.400,2.420,-0.020,-0.83,1.65,641179,64117900,15525.81,155258100.00,1.42,2.380,2.358,2.359,2.426,669508,607030,582005,2.440,2.300,2.820,2.120,closed,,tencent_newfqkline
2025-06-27,000727,冠捷科技,SZ,bfq,2.410,2.440,2.400,2.410,2.400,0.010,0.42,1.67,519774,51977400,12592.71,125927100.00,1.15,2.396,2.367,2.359,2.420,663413,591612,575598,2.440,2.300,2.770,2.120,closed,,tencent_newfqkline
2025-06-30,000727,冠捷科技,SZ,bfq,2.430,2.460,2.420,2.430,2.410,0.020,0.83,1.66,608196,60819600,14825.47,148254700.00,1.34,2.412,2.378,2.365,2.415,676751,613025,575390,2.460,2.300,2.750,2.120,closed,,tencent_newfqkline
2025-07-01,000727,冠捷科技,SZ,bfq,2.430,2.450,2.400,2.420,2.430,-0.010,-0.41,2.06,570761,57076100,13826.97,138269700.00,1.26,2.416,2.386,2.369,2.410,619091,631402,587064,2.460,2.300,2.730,2.120,closed,,tencent_newfqkline
2025-07-02,000727,冠捷科技,SZ,bfq,2.420,2.430,2.380,2.390,2.420,-0.030,-1.24,2.07,620243,62024300,14844.60,148446000.00,1.37,2.410,2.388,2.370,2.405,592031,626226,594601,2.460,2.300,2.730,2.120,closed,,tencent_newfqkline
2025-07-03,000727,冠捷科技,SZ,bfq,2.390,2.450,2.390,2.430,2.390,0.040,1.67,2.51,869515,86951500,21081.97,210819700.00,1.92,2.416,2.398,2.373,2.401,637698,653603,612019,2.460,2.300,2.570,2.120,closed,,tencent_newfqkline
2025-07-04,000727,冠捷科技,SZ,bfq,2.440,2.440,2.400,2.400,2.430,-0.030,-1.23,1.65,639920,63992000,15424.01,154240100.00,1.41,2.414,2.405,2.375,2.400,661727,662570,625140,2.460,2.300,2.570,2.120,closed,,tencent_newfqkline
2025-07-07,000727,冠捷科技,SZ,bfq,2.400,2.410,2.380,2.400,2.400,0.000,0.00,1.25,368363,36836300,8805.45,88054500.00,0.81,2.408,2.410,2.377,2.402,613760,645256,621519,2.460,2.300,2.570,2.120,closed,,tencent_newfqkline
2025-07-08,000727,冠捷科技,SZ,bfq,2.390,2.440,2.380,2.440,2.400,0.040,1.67,2.50,725829,72582900,17606.46,176064600.00,1.60,2.412,2.414,2.381,2.404,644774,631932,629816,2.460,2.300,2.570,2.220,closed,,tencent_newfqkline
2025-07-09,000727,冠捷科技,SZ,bfq,2.440,2.450,2.420,2.430,2.440,-0.010,-0.41,1.23,529686,52968600,12893.92,128939200.00,1.17,2.420,2.415,2.385,2.404,626663,609347,606287,2.460,2.300,2.570,2.220,closed,,tencent_newfqkline
2025-07-10,000727,冠捷科技,SZ,bfq,2.430,2.460,2.420,2.450,2.430,0.020,0.82,1.65,837823,83782300,20458.08,204580800.00,1.85,2.424,2.420,2.389,2.405,620324,629011,618020,2.460,2.300,2.570,2.220,closed,,tencent_newfqkline
2025-07-11,000727,冠捷科技,SZ,bfq,2.440,2.460,2.410,2.450,2.450,0.000,0.00,2.04,893351,89335100,21770.66,217706600.00,1.97,2.434,2.424,2.396,2.405,671010,666369,628991,2.460,2.300,2.570,2.220,closed,,tencent_newfqkline
2025-07-14,000727,冠捷科技,SZ,bfq,2.410,2.410,2.330,2.350,2.450,-0.100,-4.08,3.27,1187447,118744700,28132.77,281327700.00,2.62,2.424,2.416,2.397,2.404,834827,724294,668660,2.460,2.300,2.570,2.220,closed,,tencent_newfqkline
2025-07-15,000727,冠捷科技,SZ,bfq,2.360,2.360,2.280,2.300,2.350,-0.050,-2.13,3.40,1133677,113367700,26208.07,262080700.00,2.50,2.396,2.404,2.395,2.402,916397,780585,705994,2.460,2.280,2.570,2.220,closed,,tencent_newfqkline
2025-07-16,000727,冠捷科技,SZ,bfq,2.290,2.320,2.290,2.300,2.300,0.000,0.00,1.30,571634,57163400,13184.57,131845700.00,1.26,2.370,2.395,2.391,2.400,924786,775724,700975,2.460,2.280,2.570,2.220,closed,,tencent_newfqkline
2025-07-17,000727,冠捷科技,SZ,bfq,2.300,2.530,2.300,2.450,2.300,0.150,6.52,10.00,3023289,302328900,74267.80,742678000.00,6.67,2.370,2.397,2.397,2.400,1361880,991102,822352,2.530,2.280,2.570,2.220,closed,,tencent_newfqkline
2025-07-18,000727,冠捷科技,SZ,bfq,2.430,2.470,2.390,2.400,2.450,-0.050,-2.04,3.27,1611306,161130600,39039.65,390396500.00,3.56,2.360,2.397,2.401,2.399,1505471,1088240,875405,2.530,2.280,2.570,2.220,closed,,tencent_newfqkline
2025-07-21,000727,冠捷科技,SZ,bfq,2.410,2.440,2.400,2.420,2.400,0.020,0.83,1.67,912369,91236900,22109.98,221099800.00,2.01,2.374,2.399,2.405,2.398,1450455,1142641,893948,2.530,2.280,2.570,2.220,closed,,tencent_newfqkline
2025-07-22,000727,冠捷科技,SZ,bfq,2.420,2.440,2.400,2.430,2.420,0.010,0.41,1.65,761946,76194600,18461.27,184612700.00,1.68,2.400,2.398,2.406,2.397,1376109,1146253,889093,2.530,2.280,2.570,2.220,closed,,tencent_newfqkline
2025-07-23,000727,冠捷科技,SZ,bfq,2.430,2.480,2.400,2.400,2.430,-0.030,-1.23,3.29,1032957,103295700,25115.02,251150200.00,2.28,2.420,2.395,2.405,2.396,1468373,1196580,902963,2.530,2.280,2.570,2.220,closed,,tencent_newfqkline
2025-07-24,000727,冠捷科技,SZ,bfq,2.400,2.450,2.400,2.440,2.400,0.040,1.67,2.08,868602,86860200,21130.91,211309100.00,1.92,2.418,2.394,2.407,2.396,1037436,1199658,914334,2.530,2.280,2.570,2.220,closed,,tencent_newfqkline
2025-07-25,000727,冠捷科技,SZ,bfq,2.450,2.460,2.430,2.440,2.440,0.000,0.00,1.23,629652,62965200,15379.36,153793600.00,1.39,2.426,2.393,2.409,2.397,841105,1173288,919828,2.530,2.280,2.570,2.220,closed,,tencent_newfqkline
2025-07-28,000727,冠捷科技,SZ,bfq,2.450,2.450,2.420,2.430,2.440,-0.010,-0.41,1.23,565780,56578000,13770.72,137707200.00,1.25,2.428,2.401,2.409,2.399,771787,1111121,917708,2.530,2.280,2.570,2.280,closed,,tencent_newfqkline
2025-07-29,000727,冠捷科技,SZ,bfq,2.430,2.450,2.400,2.440,2.430,0.010,0.41,2.06,719598,71959800,17436.09,174360900.00,1.59,2.430,2.415,2.409,2.401,763318,1069713,925149,2.530,2.280,2.570,2.280,closed,,tencent_newfqkline
2025-07-30,000727,冠捷科技,SZ,bfq,2.440,2.460,2.410,2.430,2.440,-0.010,-0.41,2.05,687412,68741200,16742.14,167421400.00,1.52,2.436,2.428,2.412,2.401,694209,1081291,928508,2.530,2.280,2.570,2.280,closed,,tencent_newfqkline
2025-07-31,000727,冠捷科技,SZ,bfq,2.440,2.460,2.370,2.380,2.430,-0.050,-2.06,3.70,965796,96579600,23274.20,232742000.00,2.13,2.424,2.421,2.409,2.400,713648,875542,933322,2.530,2.280,2.570,2.280,closed,,tencent_newfqkline
2025-08-01,000727,冠捷科技,SZ,bfq,2.380,2.410,2.370,2.400,2.380,0.020,0.84,1.68,482580,48258000,11530.32,115303200.00,1.07,2.416,2.421,2.409,2.398,684233,762669,925455,2.530,2.280,2.570,2.280,closed,,tencent_newfqkline
2025-08-04,000727,冠捷科技,SZ,bfq,2.380,2.410,2.370,2.400,2.400,0.000,0.00,1.67,453419,45341900,10830.79,108307900.00,1.00,2.410,2.419,2.409,2.398,661761,716774,929708,2.530,2.280,2.540,2.280,closed,,tencent_newfqkline
2025-08-05,000727,冠捷科技,SZ,bfq,2.400,2.440,2.400,2.410,2.400,0.010,0.42,1.67,565376,56537600,13665.93,136659300.00,1.25,2.404,2.417,2.407,2.396,630917,697117,921685,2.530,2.280,2.540,2.280,closed,,tencent_newfqkline
2025-08-06,000727,冠捷科技,SZ,bfq,2.410,2.440,2.390,2.430,2.410,0.020,0.83,2.07,757931,75793100,18331.31,183313100.00,1.67,2.404,2.420,2.407,2.395,645020,669615,933097,2.530,2.280,2.530,2.280,closed,,tencent_newfqkline
2025-08-07,000727,冠捷科技,SZ,bfq,2.440,2.470,2.420,2.460,2.430,0.030,1.23,2.06,1134675,113467500,27824.76,278247600.00,2.51,2.420,2.422,2.408,2.395,678796,696222,947940,2.530,2.280,2.530,2.280,closed,,tencent_newfqkline
2025-08-08,000727,冠捷科技,SZ,bfq,2.460,2.460,2.410,2.420,2.460,-0.040,-1.63,2.03,687813,68781300,16724.71,167247100.00,1.52,2.424,2.420,2.407,2.394,719843,702038,937663,2.530,2.280,2.530,2.280,closed,,tencent_newfqkline
2025-08-11,000727,冠捷科技,SZ,bfq,2.420,2.460,2.420,2.450,2.420,0.030,1.24,1.65,738765,73876500,18049.28,180492800.00,1.63,2.434,2.422,2.411,2.395,776912,719336,915229,2.530,2.280,2.530,2.280,closed,,tencent_newfqkline
2025-08-12,000727,冠捷科技,SZ,bfq,2.450,2.460,2.430,2.440,2.450,-0.010,-0.41,1.22,493290,49329000,12036.54,120365400.00,1.09,2.440,2.422,2.418,2.394,762495,696706,883210,2.530,2.290,2.530,2.280,closed,,tencent_newfqkline
2025-08-13,000727,冠捷科技,SZ,bfq,2.440,2.450,2.420,2.440,2.440,0.000,0.00,1.23,572018,57201800,13943.40,139434000.00,1.26,2.442,2.423,2.425,2.394,725312,685166,883229,2.530,2.300,2.530,2.280,closed,,tencent_newfqkline
2025-08-14,000727,冠捷科技,SZ,bfq,2.440,2.450,2.380,2.380,2.440,-0.060,-2.46,2.87,875669,87566900,21092.92,210929200.00,1.93,2.426,2.423,2.422,2.392,673511,676154,775848,2.480,2.370,2.530,2.280,closed,,tencent_newfqkline
2025-08-15,000727,冠捷科技,SZ,bfq,2.370,2.440,2.370,2.440,2.380,0.060,2.52,2.94,912008,91200800,22038.08,220380800.00,2.01,2.430,2.427,2.424,2.393,718350,719096,740883,2.480,2.370,2.530,2.280,closed,,tencent_newfqkline
2025-08-18,000727,冠捷科技,SZ,bfq,2.460,2.610,2.460,2.560,2.440,0.120,4.92,6.15,2363652,236365200,60242.62,602426200.00,5.22,2.452,2.443,2.431,2.396,1043327,910120,813447,2.610,2.370,2.610,2.280,closed,,tencent_newfqkline
2025-08-19,000727,冠捷科技,SZ,bfq,2.560,2.610,2.520,2.580,2.560,0.020,0.78,3.52,1590511,159051100,40973.56,409735600.00,3.51,2.480,2.460,2.439,2.399,1262772,1012633,854875,2.610,2.370,2.610,2.280,closed,,tencent_newfqkline
2025-08-20,000727,冠捷科技,SZ,bfq,2.580,2.660,2.560,2.660,2.580,0.080,3.10,3.88,1788317,178831700,46995.00,469950000.00,3.95,2.524,2.483,2.452,2.404,1506031,1115672,892643,2.660,2.370,2.660,2.280,closed,,tencent_newfqkline
2025-08-21,000727,冠捷科技,SZ,bfq,2.660,2.720,2.610,2.650,2.660,-0.010,-0.38,4.14,1486990,148699000,39453.25,394532500.00,3.28,2.578,2.502,2.462,2.409,1628296,1150903,923563,2.720,2.370,2.720,2.280,closed,,tencent_newfqkline
2025-08-22,000727,冠捷科技,SZ,bfq,2.640,2.670,2.610,2.640,2.650,-0.010,-0.38,2.26,1052036,105203600,27687.71,276877100.00,2.32,2.618,2.524,2.472,2.413,1656301,1187326,944682,2.720,2.370,2.720,2.280,closed,,tencent_newfqkline
2025-08-25,000727,冠捷科技,SZ,bfq,2.660,2.670,2.610,2.640,2.640,0.000,0.00,2.27,1198500,119850000,31622.06,316220600.00,2.65,2.634,2.543,2.482,2.419,1423271,1233299,976318,2.720,2.370,2.720,2.280,closed,,tencent_newfqkline
2025-08-26,000727,冠捷科技,SZ,bfq,2.640,2.720,2.610,2.680,2.640,0.040,1.52,4.17,1462483,146248300,39087.44,390874400.00,3.23,2.654,2.567,2.494,2.424,1397665,1330218,1013462,2.720,2.370,2.720,2.280,closed,,tencent_newfqkline
2025-08-27,000727,冠捷科技,SZ,bfq,2.690,2.740,2.600,2.600,2.680,-0.080,-2.99,5.22,1348124,134812400,36091.32,360913200.00,2.98,2.642,2.583,2.503,2.428,1309627,1407829,1046498,2.740,2.370,2.740,2.280,closed,,tencent_newfqkline
2025-08-28,000727,冠捷科技,SZ,bfq,2.600,2.660,2.560,2.650,2.600,0.050,1.92,3.85,1268150,126815000,33180.10,331801000.00,2.80,2.642,2.610,2.516,2.433,1265859,1447077,1061615,2.740,2.370,2.740,2.280,closed,,tencent_newfqkline
2025-08-29,000727,冠捷科技,SZ,bfq,2.650,2.650,2.600,2.620,2.650,-0.030,-1.13,1.89,987352,98735200,25843.24,258432400.00,2.18,2.638,2.628,2.527,2.437,1252922,1454612,1086854,2.740,2.370,2.740,2.280,closed,,tencent_newfqkline
2025-09-01,000727,冠捷科技,SZ,bfq,2.640,2.850,2.600,2.720,2.620,0.100,3.82,9.54,2814388,281438800,76790.71,767907100.00,6.21,2.654,2.644,2.544,2.443,1576099,1499685,1204902,2.850,2.370,2.850,2.280,closed,,tencent_newfqkline
2025-09-02,000727,冠捷科技,SZ,bfq,2.730,2.760,2.630,2.650,2.720,-0.070,-2.57,4.78,1744017,174401700,46713.83,467138300.00,3.85,2.648,2.651,2.555,2.448,1632406,1515036,1263834,2.850,2.370,2.850,2.280,closed,,tencent_newfqkline
2025-09-03,000727,冠捷科技,SZ,bfq,2.660,2.710,2.580,2.590,2.650,-0.060,-2.26,4.91,1540895,154089500,40824.59,408245900.00,3.40,2.646,2.644,2.564,2.452,1670960,1490294,1302983,2.850,2.370,2.850,2.280,closed,,tencent_newfqkline
2025-09-04,000727,冠捷科技,SZ,bfq,2.590,2.720,2.550,2.580,2.590,-0.010,-0.39,6.56,1490609,149060900,39108.66,391086600.00,3.29,2.632,2.637,2.570,2.456,1715452,1490655,1320779,2.850,2.370,2.850,2.280,closed,,tencent_newfqkline
2025-09-05,000727,冠捷科技,SZ,bfq,2.600,2.640,2.560,2.640,2.580,0.060,2.33,3.10,1113610,111361000,28938.22,289382200.00,2.46,2.636,2.637,2.580,2.461,1740704,1496813,1342069,2.850,2.370,2.850,2.280,closed,,tencent_newfqkline
2025-09-08,000727,冠捷科技,SZ,bfq,2.630,2.660,2.580,2.620,2.640,-0.020,-0.76,3.03,983006,98300600,25661.72,256617200.00,2.17,2.616,2.635,2.589,2.466,1374427,1475263,1354281,2.850,2.370,2.850,2.280,closed,,tencent_newfqkline
2025-09-09,000727,冠捷科技,SZ,bfq,2.600,2.610,2.550,2.560,2.620,-0.060,-2.29,2.29,834815,83481500,21491.80,214918000.00,1.84,2.598,2.623,2.595,2.470,1192587,1412497,1371358,2.850,2.370,2.850,2.280,closed,,tencent_newfqkline
2025-09-10,000727,冠捷科技,SZ,bfq,2.550,2.590,2.540,2.550,2.560,-0.010,-0.39,1.95,661770,66177000,16970.22,169702200.00,1.46,2.590,2.618,2.600,2.472,1016762,1343861,1375845,2.850,2.370,2.850,2.280,closed,,tencent_newfqkline
2025-09-11,000727,冠捷科技,SZ,bfq,2.550,2.640,2.520,2.630,2.550,0.080,3.14,4.71,1244007,124400700,32154.77,321547700.00,2.75,2.600,2.616,2.613,2.478,967442,1341447,1394262,2.850,2.370,2.850,2.280,closed,,tencent_newfqkline
2025-09-12,000727,冠捷科技,SZ,bfq,2.630,2.760,2.620,2.690,2.630,0.060,2.28,5.32,1857352,185735200,50021.58,500215800.00,4.10,2.610,2.623,2.625,2.483,1116190,1428447,1441529,2.850,2.460,2.850,2.280,closed,,tencent_newfqkline
2025-09-15,000727,冠捷科技,SZ,bfq,2.720,2.960,2.710,2.960,2.690,0.270,10.04,9.29,2911710,291171000,82623.00,826230000.00,6.43,2.678,2.647,2.646,2.494,1501931,1438179,1468932,2.960,2.520,2.960,2.280,closed,,tencent_newfqkline
2025-09-16,000727,冠捷科技,SZ,bfq,2.960,2.990,2.860,2.910,2.960,-0.050,-1.69,4.39,3859629,385962900,112561.30,1125613000.00,8.52,2.748,2.673,2.662,2.502,2106894,1649740,1582388,2.990,2.520,2.990,2.280,closed,,tencent_newfqkline
2025-09-17,000727,冠捷科技,SZ,bfq,2.920,3.000,2.880,2.930,2.910,0.020,0.69,4.12,2327893,232789300,68553.24,685532400.00,5.14,2.824,2.707,2.675,2.511,2440118,1728440,1609367,3.000,2.520,3.000,2.280,closed,,tencent_newfqkline
2025-09-18,000727,冠捷科技,SZ,bfq,2.930,3.040,2.860,2.900,2.930,-0.030,-1.02,6.14,2624148,262414800,77522.67,775226700.00,5.79,2.878,2.739,2.688,2.519,2716146,1841794,1666225,3.040,2.520,3.040,2.280,closed,,tencent_newfqkline
2025-09-19,000727,冠捷科技,SZ,bfq,2.930,2.960,2.770,2.790,2.900,-0.110,-3.79,6.55,1985442,198544200,56362.61,563626100.00,4.38,2.898,2.754,2.696,2.525,2741764,1928977,1712895,3.040,2.520,3.040,2.280,closed,,tencent_newfqkline
2025-09-22,000727,冠捷科技,SZ,bfq,2.800,3.070,2.750,3.070,2.790,0.280,10.04,11.47,5063451,506345100,151462.50,1514625000.00,11.18,2.920,2.799,2.717,2.536,3172113,2337022,1906143,3.070,2.520,3.070,2.280,closed,,tencent_newfqkline
2025-09-23,000727,冠捷科技,SZ,bfq,3.140,3.180,2.880,2.950,3.070,-0.120,-3.91,9.77,4206150,420615000,125338.56,1253385600.00,9.29,2.928,2.838,2.731,2.545,3241417,2674155,2043326,3.180,2.520,3.180,2.280,closed,,tencent_newfqkline
2025-09-24,000727,冠捷科技,SZ,bfq,2.960,2.990,2.850,2.930,2.950,-0.020,-0.68,4.75,2180723,218072300,63207.63,632076300.00,4.81,2.928,2.876,2.747,2.554,3211983,2826050,2084956,3.180,2.520,3.180,2.280,closed,,tencent_newfqkline
2025-09-25,000727,冠捷科技,SZ,bfq,2.910,2.950,2.830,2.850,2.930,-0.080,-2.73,4.10,1821477,182147700,52316.38,523163800.00,4.02,2.918,2.898,2.757,2.561,3051449,2883798,2112622,3.180,2.520,3.180,2.280,closed,,tencent_newfqkline
2025-09-26,000727,冠捷科技,SZ,bfq,2.830,2.840,2.750,2.760,2.850,-0.090,-3.16,3.16,1447153,144715300,40232.46,402324600.00,3.19,2.912,2.905,2.764,2.567,2943791,2842778,2135612,3.180,2.520,3.180,2.280,closed,,tencent_newfqkline
2025-09-29,000727,冠捷科技,SZ,bfq,2.740,2.780,2.670,2.760,2.760,0.000,0.00,3.99,1243020,124302000,34001.06,340010600.00,2.74,2.850,2.885,2.766,2.573,2179705,2675909,2057044,3.180,2.520,3.180,2.280,closed,,tencent_newfqkline
2025-09-30,000727,冠捷科技,SZ,bfq,2.760,2.800,2.740,2.760,2.760,0.000,0.00,2.17,1000708,100070800,27659.43,276594300.00,2.21,2.812,2.870,2.772,2.578,1538616,2390016,2019878,3.180,2.520,3.180,2.280,closed,,tencent_newfqkline
2025-10-09,000727,冠捷科技,SZ,bfq,2.770,2.820,2.770,2.790,2.760,0.030,1.09,1.81,1264421,126442100,35306.22,353062200.00,2.79,2.784,2.856,2.782,2.584,1355356,2283669,2006055,3.180,2.520,3.180,2.280,closed,,tencent_newfqkline
2025-10-10,000727,冠捷科技,SZ,bfq,2.770,2.800,2.730,2.730,2.790,-0.060,-2.15,2.51,992712,99271200,27301.36,273013600.00,2.19,2.760,2.839,2.789,2.589,1189603,2120526,1981160,3.180,2.520,3.180,2.280,closed,,tencent_newfqkline
2025-10-13,000727,冠捷科技,SZ,bfq,2.620,2.680,2.550,2.680,2.730,-0.050,-1.83,4.76,1078801,107880100,28492.74,284927400.00,2.38,2.744,2.828,2.791,2.593,1115932,2029862,1979419,3.180,2.520,3.180,2.280,closed,,tencent_newfqkline
2025-10-14,000727,冠捷科技,SZ,bfq,2.690,2.730,2.610,2.620,2.680,-0.060,-2.24,4.48,1177938,117793800,31395.77,313957700.00,2.60,2.716,2.783,2.791,2.597,1102916,1641310,1989166,3.180,2.520,3.180,2.280,closed,,tencent_newfqkline
2025-10-15,000727,冠捷科技,SZ,bfq,2.630,2.660,2.600,2.650,2.620,0.030,1.15,2.29,658461,65846100,17367.65,173676500.00,1.45,2.694,2.753,2.795,2.603,1034467,1286541,1980348,3.180,2.520,3.180,2.290,closed,,tencent_newfqkline
2025-10-16,000727,冠捷科技,SZ,bfq,2.650,2.650,2.590,2.610,2.650,-0.040,-1.51,2.26,672718,67271800,17611.19,176111900.00,1.49,2.658,2.721,2.798,2.608,916126,1135741,1980896,3.180,2.520,3.180,2.300,closed,,tencent_newfqkline
2025-10-17,000727,冠捷科技,SZ,bfq,2.610,2.620,2.530,2.540,2.610,-0.070,-2.68,3.45,794907,79490700,20409.09,204090900.00,1.75,2.620,2.690,2.794,2.610,876565,1033084,1958441,3.180,2.530,3.180,2.370,closed,,tencent_newfqkline
2025-10-20,000727,冠捷科技,SZ,bfq,2.550,2.580,2.550,2.560,2.540,0.020,0.79,1.18,518781,51878100,13303.13,133031300.00,1.15,2.596,2.670,2.788,2.612,764561,940247,1891512,3.180,2.530,3.180,2.370,closed,,tencent_newfqkline
2025-10-21,000727,冠捷科技,SZ,bfq,2.580,2.710,2.560,2.660,2.560,0.100,3.91,5.86,1281956,128195600,33955.31,339553100.00,2.83,2.604,2.660,2.772,2.616,785365,944140,1810024,3.180,2.530,3.180,2.370,closed,,tencent_newfqkline
2025-10-22,000727,冠捷科技,SZ,bfq,2.660,2.680,2.640,2.660,2.660,0.000,0.00,1.50,657401,65740100,17505.54,175055400.00,1.45,2.606,2.650,2.760,2.620,785153,909810,1649913,3.180,2.530,3.180,2.370,closed,,tencent_newfqkline
2025-10-23,000727,冠捷科技,SZ,bfq,2.660,2.680,2.630,2.670,2.660,0.010,0.38,1.88,534938,53493800,14175.43,141754300.00,1.18,2.618,2.638,2.747,2.625,757597,836861,1560265,3.180,2.530,3.180,2.370,closed,,tencent_newfqkline
2025-10-24,000727,冠捷科技,SZ,bfq,2.680,2.700,2.650,2.660,2.670,-0.010,-0.37,1.87,555172,55517200,14838.33,148383300.00,1.23,2.642,2.631,2.735,2.628,709650,793107,1456816,3.180,2.530,3.180,2.370,closed,,tencent_newfqkline
2025-10-27,000727,冠捷科技,SZ,bfq,2.690,2.690,2.640,2.650,2.660,-0.010,-0.38,1.88,568271,56827100,15124.30,151243000.00,1.25,2.660,2.628,2.728,2.632,719548,742054,1385958,3.180,2.530,3.180,2.370,closed,,tencent_newfqkline
2025-10-28,000727,冠捷科技,SZ,bfq,2.700,2.770,2.680,2.690,2.650,0.040,1.51,3.40,1373784,137378400,37270.26,372702600.00,3.03,2.666,2.635,2.709,2.636,737913,761639,1201475,3.180,2.530,3.180,2.370,closed,,tencent_newfqkline
2025-10-29,000727,冠捷科技,SZ,bfq,2.660,2.680,2.610,2.640,2.690,-0.050,-1.86,2.60,995891,99589100,26250.90,262509000.00,2.20,2.662,2.634,2.693,2.639,805611,795382,1040962,2.990,2.530,3.180,2.370,closed,,tencent_newfqkline
2025-10-30,000727,冠捷科技,SZ,bfq,2.630,2.640,2.590,2.600,2.640,-0.040,-1.52,1.89,819413,81941300,21333.09,213330900.00,1.81,2.648,2.633,2.677,2.642,862506,810051,972896,2.950,2.530,3.180,2.370,closed,,tencent_newfqkline
2025-10-31,000727,冠捷科技,SZ,bfq,2.590,2.610,2.590,2.600,2.600,0.000,0.00,0.77,589392,58939200,15316.56,153165600.00,1.30,2.636,2.639,2.664,2.646,869350,789500,911292,2.840,2.530,3.180,2.370,closed,,tencent_newfqkline
2025-11-03,000727,冠捷科技,SZ,bfq,2.600,2.630,2.580,2.620,2.600,0.020,0.77,1.92,592729,59272900,15449.68,154496800.00,1.31,2.630,2.645,2.657,2.650,874242,796895,868571,2.820,2.530,3.180,2.370,closed,,tencent_newfqkline
2025-11-04,000727,冠捷科技,SZ,bfq,2.620,2.630,2.580,2.610,2.620,-0.010,-0.38,1.91,545190,54519000,14213.26,142132600.00,1.20,2.614,2.640,2.650,2.653,708523,723218,833679,2.820,2.530,3.180,2.370,closed,,tencent_newfqkline
2025-11-05,000727,冠捷科技,SZ,bfq,2.600,2.730,2.590,2.710,2.610,0.100,3.83,5.36,1668466,166846600,44955.28,449552800.00,3.68,2.628,2.645,2.647,2.658,843038,824325,867067,2.820,2.530,3.180,2.370,closed,,tencent_newfqkline
2025-11-06,000727,冠捷科技,SZ,bfq,2.700,2.720,2.660,2.690,2.710,-0.020,-0.74,2.21,857544,85754400,22947.73,229477300.00,1.89,2.646,2.647,2.643,2.663,850664,856585,846723,2.800,2.530,3.180,2.370,closed,,tencent_newfqkline
2025-11-07,000727,冠捷科技,SZ,bfq,2.680,2.690,2.650,2.680,2.690,-0.010,-0.37,1.49,593487,59348700,15836.65,158366500.00,1.31,2.662,2.649,2.640,2.666,851483,860417,826762,2.770,2.530,3.180,2.370,closed,,tencent_newfqkline
2025-11-10,000727,冠捷科技,SZ,bfq,2.680,2.720,2.670,2.720,2.680,0.040,1.49,1.87,821133,82113300,22174.53,221745300.00,1.81,2.682,2.656,2.642,2.671,897164,885703,813879,2.770,2.530,3.180,2.370,closed,,tencent_newfqkline
2025-11-11,000727,冠捷科技,SZ,bfq,2.730,2.740,2.710,2.730,2.720,0.010,0.37,1.10,744738,74473800,20289.30,202893000.00,1.64,2.706,2.660,2.647,2.676,937074,822798,792219,2.770,2.530,3.180,2.370,closed,,tencent_newfqkline
2025-11-12,000727,冠捷科技,SZ,bfq,2.720,2.730,2.680,2.710,2.730,-0.020,-0.73,1.83,730626,73062600,19743.00,197430000.00,1.61,2.706,2.667,2.651,2.680,749506,796272,795827,2.770,2.530,3.180,2.370,closed,,tencent_newfqkline
2025-11-13,000727,冠捷科技,SZ,bfq,2.700,2.760,2.690,2.740,2.710,0.030,1.11,2.58,860696,86069600,23526.78,235267800.00,1.90,2.716,2.681,2.657,2.685,750136,800400,805226,2.770,2.530,3.180,2.370,closed,,tencent_newfqkline
2025-11-14,000727,冠捷科技,SZ,bfq,2.730,2.780,2.720,2.740,2.740,0.000,0.00,2.19,780296,78029600,21512.76,215127600.00,1.72,2.728,2.695,2.667,2.691,787498,819490,804495,2.780,2.550,3.180,2.370,closed,,tencent_newfqkline
2025-11-17,000727,冠捷科技,SZ,bfq,2.730,2.820,2.730,2.800,2.740,0.060,2.19,3.28,1173493,117349300,32647.25,326472500.00,2.59,2.744,2.713,2.679,2.697,857970,877567,837231,2.820,2.560,3.180,2.460,closed,,tencent_newfqkline
2025-11-18,000727,冠捷科技,SZ,bfq,2.800,2.810,2.690,2.730,2.800,-0.070,-2.50,4.29,954436,95443600,26042.63,260426300.00,2.11,2.744,2.725,2.683,2.700,899909,918492,820855,2.820,2.580,3.180,2.520,closed,,tencent_newfqkline
2025-11-19,000727,冠捷科技,SZ,bfq,2.710,2.730,2.630,2.660,2.730,-0.070,-2.56,3.66,765546,76554600,20427.45,204274500.00,1.69,2.734,2.720,2.683,2.702,906893,828200,826262,2.820,2.580,3.180,2.520,closed,,tencent_newfqkline
2025-11-20,000727,冠捷科技,SZ,bfq,2.660,2.700,2.650,2.660,2.660,0.000,0.00,1.88,523817,52381700,13965.50,139655000.00,1.16,2.718,2.717,2.682,2.702,839518,794827,825706,2.820,2.580,3.180,2.520,closed,,tencent_newfqkline
2025-11-21,000727,冠捷科技,SZ,bfq,2.630,2.650,2.540,2.540,2.660,-0.120,-4.51,4.14,888600,88860000,22977.09,229770900.00,1.96,2.678,2.703,2.676,2.700,861178,824338,842377,2.820,2.540,3.180,2.520,closed,,tencent_newfqkline
2025-11-24,000727,冠捷科技,SZ,bfq,2.540,2.720,2.530,2.590,2.540,0.050,1.97,7.48,935716,93571600,24282.13,242821300.00,2.07,2.636,2.690,2.673,2.699,813623,835796,860750,2.820,2.530,3.180,2.520,closed,,tencent_newfqkline
2025-11-25,000727,冠捷科技,SZ,bfq,2.600,2.690,2.570,2.650,2.590,0.060,2.32,4.63,937579,93757900,24799.25,247992500.00,2.07,2.620,2.682,2.671,2.699,810252,855080,838939,2.820,2.530,3.180,2.520,closed,,tencent_newfqkline
2025-11-26,000727,冠捷科技,SZ,bfq,2.650,2.720,2.630,2.650,2.650,0.000,0.00,3.40,744802,74480200,19982.86,199828600.00,1.64,2.618,2.676,2.671,2.699,806103,856498,826385,2.820,2.530,3.180,2.520,closed,,tencent_newfqkline
2025-11-27,000727,冠捷科技,SZ,bfq,2.650,2.670,2.610,2.610,2.650,-0.040,-1.51,2.26,547968,54796800,14447.88,144478800.00,1.21,2.608,2.663,2.672,2.699,810933,825225,812813,2.820,2.530,3.180,2.520,closed,,tencent_newfqkline
2025-11-28,000727,冠捷科技,SZ,bfq,2.620,2.640,2.580,2.630,2.610,0.020,0.77,2.30,475795,47579500,12446.87,124468700.00,1.05,2.626,2.652,2.673,2.698,728372,794775,807133,2.820,2.530,3.180,2.520,closed,,tencent_newfqkline
2025-12-01,000727,冠捷科技,SZ,bfq,2.630,2.890,2.620,2.890,2.630,0.260,9.89,10.27,4050186,405018600,114618.50,1146185000.00,8.94,2.686,2.661,2.687,2.703,1351266,1082444,980006,2.890,2.530,3.180,2.520,closed,,tencent_newfqkline
2025-12-02,000727,冠捷科技,SZ,bfq,2.840,2.920,2.790,2.850,2.890,-0.040,-1.38,4.50,3847755,384775500,109081.53,1090815300.00,8.49,2.726,2.673,2.699,2.705,1933301,1371776,1145134,2.920,2.530,3.180,2.520,closed,,tencent_newfqkline
2025-12-03,000727,冠捷科技,SZ,bfq,2.860,2.890,2.800,2.850,2.850,0.000,0.00,3.16,2366168,236616800,67275.27,672752700.00,5.22,2.766,2.692,2.706,2.708,2257574,1531839,1180019,2.920,2.530,3.180,2.520,closed,,tencent_newfqkline
2025-12-04,000727,冠捷科技,SZ,bfq,2.840,2.850,2.770,2.780,2.850,-0.070,-2.46,2.81,1604168,160416800,44798.86,447988600.00,3.54,2.800,2.704,2.711,2.712,2468814,1639874,1217350,2.920,2.530,3.180,2.520,closed,,tencent_newfqkline
2025-12-05,000727,冠捷科技,SZ,bfq,2.780,2.870,2.750,2.860,2.780,0.080,2.88,4.32,1770678,177067800,50083.14,500831400.00,3.91,2.846,2.736,2.720,2.716,2727791,1728082,1276210,2.920,2.530,3.180,2.520,closed,,tencent_newfqkline
2025-12-08,000727,冠捷科技,SZ,bfq,2.870,2.880,2.820,2.840,2.860,-0.020,-0.70,2.10,1306060,130606000,37109.49,371094900.00,2.88,2.836,2.761,2.725,2.719,2178966,1765116,1300456,2.920,2.530,3.180,2.520,closed,,tencent_newfqkline
2025-12-09,000727,冠捷科技,SZ,bfq,2.840,2.920,2.810,2.890,2.840,0.050,1.76,3.87,2330251,233025100,66835.64,668356400.00,5.14,2.844,2.785,2.734,2.724,1875465,1904383,1379732,2.920,2.530,3.180,2.520,closed,,tencent_newfqkline
2025-12-10,000727,冠捷科技,SZ,bfq,2.860,2.910,2.810,2.860,2.890,-0.030,-1.04,3.46,1672658,167265800,47704.88,477048800.00,3.69,2.846,2.806,2.741,2.729,1736763,1997169,1426833,2.920,2.530,3.180,2.520,closed,,tencent_newfqkline
2025-12-11,000727,冠捷科技,SZ,bfq,2.840,2.850,2.680,2.680,2.860,-0.180,-6.29,5.94,1873712,187371200,51395.87,513958700.00,4.14,2.826,2.813,2.738,2.731,1790672,2129743,1477484,2.920,2.530,3.180,2.520,closed,,tencent_newfqkline
2025-12-12,000727,冠捷科技,SZ,bfq,2.670,2.700,2.640,2.650,2.680,-0.030,-1.12,2.24,1129674,112967400,30096.38,300963800.00,2.49,2.784,2.815,2.734,2.731,1662471,2195131,1494953,2.920,2.530,3.180,2.530,closed,,tencent_newfqkline
2025-12-15,000727,冠捷科技,SZ,bfq,2.620,2.670,2.590,2.630,2.650,-0.020,-0.75,3.02,732597,73259700,19270.17,192701700.00,1.62,2.742,2.789,2.725,2.731,1547778,1863372,1472908,2.920,2.530,3.180,2.530,closed,,tencent_newfqkline
2025-12-16,000727,冠捷科技,SZ,bfq,2.630,2.630,2.540,2.550,2.630,-0.080,-3.04,3.42,917959,91795900,23618.43,236184300.00,2.03,2.674,2.759,2.716,2.724,1265320,1570392,1471084,2.920,2.530,3.180,2.530,closed,,tencent_newfqkline
2025-12-17,000727,冠捷科技,SZ,bfq,2.550,2.590,2.520,2.590,2.550,0.040,1.57,2.75,737143,73714300,18795.66,187956600.00,1.63,2.620,2.733,2.712,2.718,1078217,1407490,1469664,2.920,2.520,3.180,2.520,closed,,tencent_newfqkline
2025-12-18,000727,冠捷科技,SZ,bfq,2.570,2.600,2.550,2.560,2.590,-0.030,-1.16,1.93,563700,56370000,14515.00,145150000.00,1.24,2.596,2.711,2.708,2.712,816215,1303443,1471658,2.920,2.520,3.180,2.520,closed,,tencent_newfqkline
2025-12-19,000727,冠捷科技,SZ,bfq,2.560,2.610,2.550,2.610,2.560,0.050,1.95,2.34,564704,56470400,14624.26,146242600.00,1.25,2.588,2.686,2.711,2.707,703221,1182846,1455464,2.920,2.520,3.180,2.520,closed,,tencent_newfqkline
2025-12-22,000727,冠捷科技,SZ,bfq,2.610,2.620,2.590,2.600,2.610,-0.010,-0.38,1.15,560956,56095600,14618.45,146184500.00,1.24,2.582,2.662,2.712,2.704,668892,1108335,1436726,2.920,2.520,3.180,2.520,closed,,tencent_newfqkline
2025-12-23,000727,冠捷科技,SZ,bfq,2.590,2.600,2.560,2.570,2.600,-0.030,-1.15,1.54,560477,56047700,14444.46,144444600.00,1.24,2.586,2.630,2.708,2.696,597396,931358,1417871,2.920,2.520,3.180,2.520,closed,,tencent_newfqkline
2025-12-24,000727,冠捷科技,SZ,bfq,2.560,2.600,2.560,2.600,2.570,0.030,1.17,1.56,449048,44904800,11628.30,116283000.00,0.99,2.588,2.604,2.705,2.690,539777,808997,1403083,2.920,2.520,2.990,2.520,closed,,tencent_newfqkline
2025-12-25,000727,冠捷科技,SZ,bfq,2.600,2.610,2.570,2.600,2.600,0.000,0.00,1.54,510740,51074000,13229.44,132294400.00,1.13,2.596,2.596,2.704,2.684,529185,672700,1401221,2.920,2.520,2.950,2.520,closed,,tencent_newfqkline
2025-12-26,000727,冠捷科技,SZ,bfq,2.590,2.640,2.570,2.610,2.600,0.010,0.38,2.69,885960,88596000,23046.50,230465000.00,1.96,2.596,2.592,2.704,2.681,593436,648328,1421730,2.920,2.520,2.920,2.520,closed,,tencent_newfqkline
2025-12-29,000727,冠捷科技,SZ,bfq,2.610,2.610,2.570,2.570,2.610,-0.040,-1.53,1.53,609572,60957200,15767.15,157671500.00,1.35,2.590,2.586,2.688,2.677,603159,636026,1249699,2.920,2.520,2.920,2.520,closed,,tencent_newfqkline
2025-12-30,000727,冠捷科技,SZ,bfq,2.560,2.590,2.550,2.560,2.570,-0.010,-0.39,1.56,595412,59541200,15307.38,153073800.00,1.31,2.588,2.587,2.673,2.674,610146,603771,1087082,2.920,2.520,2.920,2.520,closed,,tencent_newfqkline
2025-12-31,000727,冠捷科技,SZ,bfq,2.570,2.570,2.520,2.540,2.560,-0.020,-0.78,1.95,738593,73859300,18814.62,188146200.00,1.63,2.576,2.582,2.657,2.670,668055,603916,1005703,2.920,2.520,2.920,2.520,closed,,tencent_newfqkline
2026-01-05,000727,冠捷科技,SZ,bfq,2.550,2.580,2.540,2.570,2.540,0.030,1.18,1.57,617038,61703800,15808.02,158080200.00,1.36,2.570,2.583,2.647,2.667,689315,609250,956347,2.920,2.520,2.920,2.520,closed,,tencent_newfqkline
2026-01-06,000727,冠捷科技,SZ,bfq,2.570,2.670,2.560,2.650,2.570,0.080,3.11,4.28,1354552,135455200,35561.37,355613700.00,2.99,2.578,2.587,2.636,2.665,783033,688235,935540,2.920,2.520,2.920,2.520,closed,,tencent_newfqkline
2026-01-07,000727,冠捷科技,SZ,bfq,2.650,2.660,2.590,2.600,2.650,-0.050,-1.89,2.64,813922,81392200,21300.32,213003200.00,1.80,2.584,2.587,2.625,2.664,823903,713531,910933,2.920,2.520,2.920,2.520,closed,,tencent_newfqkline
2026-01-08,000727,冠捷科技,SZ,bfq,2.600,2.640,2.580,2.630,2.600,0.030,1.15,2.31,694690,69469000,18196.50,181965000.00,1.53,2.598,2.593,2.611,2.664,843759,726953,829155,2.910,2.520,2.920,2.520,closed,,tencent_newfqkline
2026-01-09,000727,冠捷科技,SZ,bfq,2.620,2.660,2.620,2.640,2.630,0.010,0.38,1.52,879164,87916400,23201.67,232016700.00,1.94,2.618,2.597,2.600,2.664,871873,769964,789481,2.850,2.520,2.920,2.520,closed,,tencent_newfqkline
2026-01-12,000727,冠捷科技,SZ,bfq,2.640,2.750,2.630,2.740,2.640,0.100,3.79,4.55,1585433,158543300,42826.17,428261700.00,3.50,2.652,2.611,2.603,2.666,1065552,877434,775067,2.750,2.520,2.920,2.520,closed,,tencent_newfqkline
2026-01-13,000727,冠捷科技,SZ,bfq,2.730,2.770,2.660,2.680,2.740,-0.060,-2.19,4.01,1215465,121546500,32834.16,328341600.00,2.68,2.658,2.618,2.605,2.669,1037735,910384,779356,2.770,2.520,2.920,2.520,closed,,tencent_newfqkline
2026-01-14,000727,冠捷科技,SZ,bfq,2.680,2.740,2.640,2.690,2.680,0.010,0.37,3.73,1265561,126556100,34153.84,341538400.00,2.79,2.676,2.630,2.608,2.671,1128063,975983,806004,2.770,2.520,2.920,2.520,closed,,tencent_newfqkline
2026-01-15,000727,冠捷科技,SZ,bfq,2.670,2.690,2.600,2.640,2.690,-0.050,-1.86,3.35,866020,86602000,22910.43,229104300.00,1.91,2.678,2.638,2.612,2.670,1162329,1003044,803408,2.770,2.520,2.920,2.520,closed,,tencent_newfqkline
2026-01-16,000727,冠捷科技,SZ,bfq,2.650,2.670,2.580,2.590,2.640,-0.050,-1.89,3.41,871061,87106100,22719.00,227190000.00,1.92,2.668,2.643,2.612,2.669,1160708,1016291,810103,2.770,2.520,2.920,2.520,closed,,tencent_newfqkline
2026-01-19,000727,冠捷科技,SZ,bfq,2.580,2.630,2.560,2.610,2.590,0.020,0.77,2.70,680313,68031300,17733.59,177335900.00,1.50,2.642,2.647,2.615,2.668,979684,1022618,815934,2.770,2.520,2.920,2.520,closed,,tencent_newfqkline
2026-01-20,000727,冠捷科技,SZ,bfq,2.600,2.630,2.580,2.590,2.610,-0.020,-0.77,1.92,730231,73023100,18975.12,189751200.00,1.61,2.624,2.641,2.614,2.667,882637,960186,824210,2.770,2.520,2.920,2.520,closed,,tencent_newfqkline
2026-01-21,000727,冠捷科技,SZ,bfq,2.580,2.620,2.570,2.600,2.590,0.010,0.39,1.93,707833,70783300,18388.03,183880300.00,1.56,2.606,2.641,2.614,2.666,771092,949577,831554,2.770,2.520,2.920,2.520,closed,,tencent_newfqkline
2026-01-22,000727,冠捷科技,SZ,bfq,2.600,2.670,2.600,2.660,2.600,0.060,2.31,2.69,1189225,118922500,31497.33,314973300.00,2.63,2.610,2.644,2.619,2.666,835733,999031,862992,2.770,2.520,2.920,2.520,closed,,tencent_newfqkline
2026-01-23,000727,冠捷科技,SZ,bfq,2.660,2.730,2.650,2.730,2.660,0.070,2.63,3.01,1437076,143707600,38853.88,388538800.00,3.17,2.638,2.653,2.625,2.667,948936,1054822,912393,2.770,2.520,2.920,2.520,closed,,tencent_newfqkline
2026-01-26,000727,冠捷科技,SZ,bfq,2.730,2.740,2.670,2.700,2.730,-0.030,-1.10,2.56,1016151,101615100,27378.50,273785000.00,2.24,2.656,2.649,2.630,2.669,1016103,997894,937664,2.770,2.520,2.920,2.520,closed,,tencent_newfqkline
2026-01-27,000727,冠捷科技,SZ,bfq,2.690,2.710,2.610,2.660,2.700,-0.040,-1.48,3.70,1147105,114710500,30352.87,303528700.00,2.53,2.670,2.647,2.632,2.670,1099478,991058,950721,2.770,2.520,2.920,2.520,closed,,tencent_newfqkline
2026-01-28,000727,冠捷科技,SZ,bfq,2.660,2.660,2.600,2.630,2.660,-0.030,-1.13,2.26,771801,77180100,20284.63,202846300.00,1.70,2.676,2.641,2.635,2.670,1112272,941682,958832,2.770,2.520,2.920,2.520,closed,,tencent_newfqkline
2026-01-29,000727,冠捷科技,SZ,bfq,2.620,2.660,2.580,2.600,2.630,-0.030,-1.14,3.04,949908,94990800,24841.89,248418900.00,2.10,2.664,2.637,2.638,2.670,1064408,950070,976557,2.770,2.520,2.920,2.520,closed,,tencent_newfqkline
2026-01-30,000727,冠捷科技,SZ,bfq,2.590,2.610,2.540,2.550,2.600,-0.050,-1.92,2.69,1011159,101115900,25929.39,259293900.00,2.23,2.628,2.633,2.638,2.667,979225,964080,990185,2.770,2.540,2.920,2.520,closed,,tencent_newfqkline
2026-02-02,000727,冠捷科技,SZ,bfq,2.530,2.560,2.480,2.480,2.550,-0.070,-2.75,3.14,907171,90717100,22894.02,228940200.00,2.00,2.584,2.620,2.634,2.664,957429,986766,1004692,2.770,2.480,2.920,2.480,closed,,tencent_newfqkline
2026-02-03,000727,冠捷科技,SZ,bfq,2.500,2.570,2.500,2.560,2.480,0.080,3.23,2.82,741023,74102300,18813.47,188134700.00,1.64,2.564,2.617,2.629,2.662,876212,987845,974016,2.770,2.480,2.920,2.480,closed,,tencent_newfqkline
2026-02-04,000727,冠捷科技,SZ,bfq,2.550,2.580,2.540,2.570,2.560,0.010,0.39,1.56,592259,59225900,15194.71,151947100.00,1.31,2.552,2.614,2.627,2.659,840304,976288,962932,2.770,2.480,2.920,2.480,closed,,tencent_newfqkline
2026-02-05,000727,冠捷科技,SZ,bfq,2.560,2.580,2.540,2.550,2.570,-0.020,-0.78,1.56,462196,46219600,11821.23,118212300.00,1.02,2.542,2.603,2.623,2.656,742762,903585,951308,2.770,2.480,2.920,2.480,closed,,tencent_newfqkline
2026-02-06,000727,冠捷科技,SZ,bfq,2.540,2.570,2.520,2.530,2.550,-0.020,-0.78,1.96,507037,50703700,12896.75,128967500.00,1.12,2.538,2.583,2.618,2.653,641937,810581,932701,2.770,2.480,2.920,2.480,closed,,tencent_newfqkline
2026-02-09,000727,冠捷科技,SZ,bfq,2.560,2.610,2.550,2.600,2.530,0.070,2.77,2.37,772484,77248400,19966.77,199667700.00,1.71,2.562,2.573,2.611,2.651,615000,786214,892054,2.770,2.480,2.920,2.480,closed,,tencent_newfqkline
2026-02-10,000727,冠捷科技,SZ,bfq,2.610,2.660,2.600,2.640,2.600,0.040,1.54,2.31,870033,87003300,22906.54,229065400.00,1.92,2.578,2.571,2.609,2.649,640802,758507,874782,2.740,2.480,2.920,2.480,closed,,tencent_newfqkline
2026-02-11,000727,冠捷科技,SZ,bfq,2.650,2.650,2.610,2.610,2.640,-0.030,-1.14,1.52,597597,59759700,15687.70,156877000.00,1.32,2.586,2.569,2.605,2.646,641869,741087,841384,2.740,2.480,2.920,2.480,closed,,tencent_newfqkline
2026-02-12,000727,冠捷科技,SZ,bfq,2.620,2.630,2.570,2.570,2.610,-0.040,-1.53,2.30,504534,50453400,13042.11,130421100.00,1.11,2.590,2.566,2.602,2.643,650337,696549,823310,2.740,2.480,2.920,2.480,closed,,tencent_newfqkline
2026-02-13,000727,冠捷科技,SZ,bfq,2.570,2.600,2.550,2.550,2.570,-0.020,-0.78,1.95,485651,48565100,12508.05,125080500.00,1.07,2.594,2.566,2.599,2.642,646060,643998,804039,2.740,2.480,2.920,2.480,closed,,tencent_newfqkline
2026-02-24,000727,冠捷科技,SZ,bfq,2.580,2.630,2.570,2.610,2.550,0.060,2.35,2.35,607370,60737000,15850.34,158503400.00,1.34,2.596,2.579,2.599,2.641,613037,614018,800392,2.740,2.480,2.920,2.480,closed,,tencent_newfqkline
2026-02-25,000727,冠捷科技,SZ,bfq,2.620,2.670,2.610,2.640,2.610,0.030,1.15,2.30,824181,82418100,21815.88,218158800.00,1.82,2.596,2.587,2.602,2.642,603867,622334,805090,2.740,2.480,2.920,2.480,closed,,tencent_newfqkline
2026-02-26,000727,冠捷科技,SZ,bfq,2.650,2.660,2.630,2.640,2.640,0.000,0.00,1.14,603152,60315200,15935.30,159353000.00,1.33,2.602,2.594,2.604,2.643,604978,623424,799856,2.740,2.480,2.920,2.480,closed,,tencent_newfqkline
2026-02-27,000727,冠捷科技,SZ,bfq,2.630,2.660,2.620,2.650,2.640,0.010,0.38,1.52,547109,54710900,14446.52,144465200.00,1.21,2.618,2.604,2.603,2.643,613493,631915,767750,2.740,2.480,2.920,2.480,closed,,tencent_newfqkline
2026-03-02,000727,冠捷科技,SZ,bfq,2.620,2.660,2.580,2.640,2.650,-0.010,-0.38,3.02,1174951,117495100,30889.27,308892700.00,2.59,2.636,2.615,2.599,2.643,751353,698706,754644,2.740,2.480,2.920,2.480,closed,,tencent_newfqkline
2026-03-03,000727,冠捷科技,SZ,bfq,2.650,2.680,2.520,2.530,2.640,-0.110,-4.17,6.06,1282356,128235600,33116.50,331165000.00,2.83,2.620,2.608,2.591,2.642,886350,749693,767954,2.710,2.480,2.920,2.480,closed,,tencent_newfqkline
2026-03-04,000727,冠捷科技,SZ,bfq,2.510,2.540,2.480,2.480,2.530,-0.050,-1.98,2.37,820889,82088900,20541.17,205411700.00,1.81,2.588,2.592,2.581,2.639,885691,744779,751643,2.680,2.480,2.920,2.480,closed,,tencent_newfqkline
2026-03-05,000727,冠捷科技,SZ,bfq,2.550,2.730,2.550,2.730,2.480,0.250,10.08,7.26,1970598,197059800,53496.16,534961600.00,4.35,2.606,2.604,2.587,2.636,1159181,882079,811583,2.730,2.480,2.920,2.480,closed,,tencent_newfqkline
2026-03-06,000727,冠捷科技,SZ,bfq,2.640,2.720,2.570,2.700,2.730,-0.030,-1.10,5.49,3306729,330672900,87420.64,874206400.00,7.30,2.616,2.617,2.591,2.634,1711105,1162299,929424,2.730,2.480,2.920,2.480,closed,,tencent_newfqkline
2026-03-09,000727,冠捷科技,SZ,bfq,2.700,2.730,2.660,2.710,2.700,0.010,0.37,2.59,1869726,186972600,50347.68,503476800.00,4.13,2.630,2.633,2.599,2.632,1850060,1300706,972352,2.730,2.480,2.920,2.480,closed,,tencent_newfqkline
2026-03-10,000727,冠捷科技,SZ,bfq,2.720,2.760,2.690,2.750,2.710,0.040,1.48,2.58,1534481,153448100,41987.81,419878100.00,3.39,2.674,2.647,2.613,2.631,1900485,1393417,1003718,2.760,2.480,2.920,2.480,closed,,tencent_newfqkline
2026-03-11,000727,冠捷科技,SZ,bfq,2.730,2.800,2.720,2.750,2.750,0.000,0.00,2.91,1446876,144687600,39858.05,398580500.00,3.19,2.728,2.658,2.623,2.629,2025682,1455687,1039010,2.800,2.480,2.920,2.480,closed,,tencent_newfqkline
2026-03-12,000727,冠捷科技,SZ,bfq,2.740,2.820,2.720,2.770,2.750,0.020,0.73,3.64,1545738,154573800,42831.00,428310000.00,3.41,2.736,2.671,2.632,2.628,1940710,1549945,1086684,2.820,2.480,2.920,2.480,closed,,tencent_newfqkline
2026-03-13,000727,冠捷科技,SZ,bfq,2.750,2.810,2.720,2.760,2.770,-0.010,-0.36,3.25,1280424,128042400,35476.06,354760600.00,2.83,2.748,2.682,2.643,2.626,1535449,1623277,1127596,2.820,2.480,2.910,2.480,closed,,tencent_newfqkline
2026-03-16,000727,冠捷科技,SZ,bfq,2.770,2.820,2.720,2.820,2.760,0.060,2.17,3.62,1550223,155022300,43042.28,430422800.00,3.42,2.770,2.700,2.657,2.625,1471548,1660804,1179755,2.820,2.480,2.850,2.480,closed,,tencent_newfqkline
2026-03-17,000727,冠捷科技,SZ,bfq,2.840,2.850,2.730,2.740,2.820,-0.080,-2.84,4.26,1299048,129904800,36080.04,360800400.00,2.87,2.768,2.721,2.664,2.626,1424462,1662473,1206083,2.850,2.480,2.850,2.480,closed,,tencent_newfqkline
2026-03-18,000727,冠捷科技,SZ,bfq,2.740,2.790,2.720,2.770,2.740,0.030,1.09,2.55,1075260,107526000,29580.79,295807900.00,2.37,2.772,2.750,2.671,2.628,1350139,1687910,1216345,2.850,2.480,2.850,2.480,closed,,tencent_newfqkline
2026-03-19,000727,冠捷科技,SZ,bfq,2.750,2.790,2.710,2.750,2.770,-0.020,-0.72,2.89,1110036,111003600,30591.84,305918400.00,2.45,2.768,2.752,2.678,2.630,1262998,1601854,1241967,2.850,2.480,2.850,2.480,closed,,tencent_newfqkline
2026-03-20,000727,冠捷科技,SZ,bfq,2.760,2.830,2.680,2.700,2.750,-0.050,-1.82,5.45,1408952,140895200,38860.01,388600100.00,3.11,2.756,2.752,2.684,2.633,1288704,1412076,1287188,2.850,2.480,2.850,2.480,closed,,tencent_newfqkline
2026-03-23,000727,冠捷科技,SZ,bfq,2.620,2.700,2.550,2.580,2.700,-0.120,-4.44,5.56,1489338,148933800,38904.95,389049500.00,3.29,2.708,2.739,2.686,2.633,1276527,1374038,1337372,2.850,2.480,2.850,2.480,closed,,tencent_newfqkline
2026-03-24,000727,冠捷科技,SZ,bfq,2.650,2.720,2.590,2.710,2.580,0.130,5.04,5.04,1218345,121834500,32216.92,322169200.00,2.69,2.702,2.735,2.691,2.635,1260386,1342424,1367921,2.850,2.480,2.850,2.480,closed,,tencent_newfqkline
2026-03-25,000727,冠捷科技,SZ,bfq,2.710,2.760,2.690,2.750,2.710,0.040,1.48,2.58,997972,99797200,27345.99,273459900.00,2.20,2.698,2.735,2.696,2.638,1244929,1297534,1376610,2.850,2.480,2.850,2.480,closed,,tencent_newfqkline
2026-03-26,000727,冠捷科技,SZ,bfq,2.750,2.790,2.660,2.670,2.750,-0.080,-2.91,4.73,1000461,100046100,27149.63,271496300.00,2.21,2.682,2.725,2.698,2.639,1223014,1243006,1396476,2.850,2.480,2.850,2.480,closed,,tencent_newfqkline
2026-03-27,000727,冠捷科技,SZ,bfq,2.630,2.710,2.620,2.680,2.670,0.010,0.37,3.37,759281,75928100,20271.79,202717900.00,1.68,2.678,2.717,2.700,2.641,1093079,1190892,1407084,2.850,2.480,2.850,2.480,closed,,tencent_newfqkline
2026-03-30,000727,冠捷科技,SZ,bfq,2.640,2.700,2.550,2.690,2.680,0.010,0.37,5.60,1242743,124274300,32452.13,324521300.00,2.74,2.700,2.704,2.702,2.642,1043760,1160144,1410474,2.850,2.480,2.850,2.480,closed,,tencent_newfqkline
2026-03-31,000727,冠捷科技,SZ,bfq,2.670,2.690,2.590,2.600,2.690,-0.090,-3.35,3.72,795997,79599700,20986.07,209860700.00,1.76,2.678,2.690,2.705,2.642,959291,1109838,1386156,2.850,2.480,2.850,2.480,closed,,tencent_newfqkline
2026-04-01,000727,冠捷科技,SZ,bfq,2.670,2.770,2.620,2.650,2.600,0.050,1.92,5.77,1137907,113790700,30535.17,305351700.00,2.51,2.658,2.678,2.714,2.643,987278,1116103,1402007,2.850,2.550,2.850,2.480,closed,,tencent_newfqkline
2026-04-02,000727,冠捷科技,SZ,bfq,2.640,2.680,2.550,2.560,2.650,-0.090,-3.40,4.91,1136702,113670200,29434.78,294347800.00,2.51,2.636,2.659,2.705,2.643,1014526,1118770,1360312,2.850,2.550,2.850,2.480,closed,,tencent_newfqkline
2026-04-03,000727,冠捷科技,SZ,bfq,2.580,2.590,2.520,2.520,2.560,-0.040,-1.56,2.73,705339,70533900,17896.57,178965700.00,1.56,2.604,2.641,2.696,2.642,1003738,1048408,1230242,2.850,2.520,2.850,2.480,closed,,tencent_newfqkline
2026-04-07,000727,冠捷科技,SZ,bfq,2.530,2.570,2.530,2.560,2.520,0.040,1.59,1.59,492536,49253600,12574.05,125740500.00,1.09,2.578,2.639,2.689,2.642,853696,948728,1161383,2.850,2.520,2.850,2.480,closed,,tencent_newfqkline
2026-04-08,000727,冠捷科技,SZ,bfq,2.610,2.820,2.600,2.820,2.560,0.260,10.16,8.59,2104437,210443700,58191.32,581913200.00,4.65,2.622,2.650,2.692,2.646,1115384,1037338,1189881,2.850,2.520,2.850,2.480,closed,,tencent_newfqkline
2026-04-09,000727,冠捷科技,SZ,bfq,2.840,2.860,2.780,2.810,2.820,-0.010,-0.35,2.84,3221559,322155900,90923.51,909235100.00,7.11,2.654,2.656,2.696,2.649,1532115,1259696,1278615,2.860,2.520,2.860,2.480,closed,,tencent_newfqkline
2026-04-10,000727,冠捷科技,SZ,bfq,2.820,2.880,2.760,2.770,2.810,-0.040,-1.42,4.27,1591200,159120000,44595.23,445952300.00,3.51,2.696,2.666,2.696,2.652,1623014,1318770,1280888,2.880,2.520,2.880,2.480,closed,,tencent_newfqkline
2026-04-13,000727,冠捷科技,SZ,bfq,2.770,2.770,2.710,2.740,2.770,-0.030,-1.08,2.17,1008545,100854500,27656.51,276565100.00,2.23,2.740,2.672,2.695,2.654,1683655,1343696,1267294,2.880,2.520,2.880,2.480,closed,,tencent_newfqkline
2026-04-14,000727,冠捷科技,SZ,bfq,2.760,2.780,2.710,2.750,2.740,0.010,0.36,2.55,1052417,105241700,28941.89,289418900.00,2.32,2.778,2.678,2.691,2.656,1795632,1324664,1242404,2.880,2.520,2.880,2.480,closed,,tencent_newfqkline
2026-04-15,000727,冠捷科技,SZ,bfq,2.750,2.780,2.700,2.700,2.750,-0.050,-1.82,2.91,1225171,122517100,33445.20,334452000.00,2.70,2.754,2.688,2.689,2.655,1619778,1367581,1238710,2.880,2.520,2.880,2.480,closed,,tencent_newfqkline
2026-04-16,000727,冠捷科技,SZ,bfq,2.710,2.750,2.690,2.730,2.700,0.030,1.11,2.22,895354,89535400,24399.19,243991900.00,1.98,2.738,2.696,2.687,2.656,1154537,1343326,1229715,2.880,2.520,2.880,2.480,closed,,tencent_newfqkline
2026-04-17,000727,冠捷科技,SZ,bfq,2.730,2.740,2.700,2.720,2.730,-0.010,-0.37,1.47,808015,80801500,22007.22,220072200.00,1.78,2.728,2.712,2.686,2.656,997900,1310457,1214614,2.880,2.520,2.880,2.480,closed,,tencent_newfqkline
2026-04-20,000727,冠捷科技,SZ,bfq,2.720,2.810,2.710,2.770,2.720,0.050,1.84,3.68,1235305,123530500,34203.70,342037000.00,2.73,2.734,2.737,2.689,2.658,1043252,1363454,1205931,2.880,2.520,2.880,2.480,closed,,tencent_newfqkline
2026-04-21,000727,冠捷科技,SZ,bfq,2.750,2.760,2.660,2.690,2.770,-0.080,-2.89,3.61,1091829,109182900,29371.78,293717800.00,2.41,2.722,2.750,2.695,2.660,1051135,1423383,1186056,2.880,2.520,2.880,2.480,closed,,tencent_newfqkline
2026-04-22,000727,冠捷科技,SZ,bfq,2.680,2.750,2.650,2.740,2.690,0.050,1.86,3.72,980701,98070100,26598.78,265987800.00,2.17,2.730,2.742,2.696,2.662,1002241,1311010,1174174,2.880,2.520,2.880,2.480,closed,,tencent_newfqkline
2026-04-23,000727,冠捷科技,SZ,bfq,2.730,2.770,2.640,2.670,2.740,-0.070,-2.55,4.74,1146318,114631800,30816.88,308168800.00,2.53,2.718,2.728,2.692,2.663,1052434,1103486,1181591,2.880,2.520,2.880,2.480,closed,,tencent_newfqkline
2026-04-24,000727,冠捷科技,SZ,bfq,2.650,2.660,2.580,2.590,2.670,-0.080,-3.00,3.00,941406,94140600,24510.74,245107400.00,2.08,2.692,2.710,2.688,2.663,1079112,1038506,1178638,2.880,2.520,2.880,2.480,closed,,tencent_newfqkline
2026-04-27,000727,冠捷科技,SZ,bfq,2.590,2.700,2.580,2.690,2.590,0.100,3.86,4.63,1139922,113992200,30332.07,303320700.00,2.52,2.676,2.705,2.689,2.664,1060035,1051644,1197670,2.880,2.520,2.880,2.480,closed,,tencent_newfqkline
2026-04-28,000727,冠捷科技,SZ,bfq,2.670,2.700,2.620,2.650,2.690,-0.040,-1.49,2.97,1036997,103699700,27457.60,274576000.00,2.29,2.668,2.695,2.687,2.663,1049069,1050102,1187383,2.880,2.520,2.880,2.480,closed,,tencent_newfqkline
2026-04-29,000727,冠捷科技,SZ,bfq,2.630,2.680,2.590,2.660,2.650,0.010,0.38,3.40,685342,68534200,18238.32,182383200.00,1.51,2.652,2.691,2.689,2.662,989997,996119,1181850,2.880,2.520,2.880,2.480,closed,,tencent_newfqkline
2026-04-30,000727,冠捷科技,SZ,bfq,2.660,2.680,2.620,2.650,2.660,-0.010,-0.38,2.26,705201,70520100,18649.96,186499600.00,1.56,2.648,2.683,2.689,2.662,901774,977104,1160215,2.880,2.520,2.880,2.480,closed,,tencent_newfqkline
2026-05-06,000727,冠捷科技,SZ,bfq,2.680,2.760,2.680,2.740,2.650,0.090,3.40,3.02,1298267,129826700,35490.42,354904200.00,2.87,2.678,2.685,2.699,2.663,973146,1026129,1168293,2.880,2.520,2.880,2.480,closed,,tencent_newfqkline
2026-05-07,000727,冠捷科技,SZ,bfq,2.750,3.010,2.740,2.900,2.740,0.160,5.84,9.85,3882262,388226200,112612.25,1126122500.00,8.57,2.720,2.698,2.718,2.669,1521614,1290824,1327139,3.010,2.530,3.010,2.480,closed,,tencent_newfqkline
2026-05-08,000727,冠捷科技,SZ,bfq,2.890,2.960,2.880,2.930,2.900,0.030,1.03,2.76,2828042,282804200,82509.53,825095300.00,6.24,2.776,2.722,2.736,2.675,1879823,1464446,1443914,3.010,2.580,3.010,2.480,closed,,tencent_newfqkline
2026-05-11,000727,冠捷科技,SZ,bfq,2.930,2.950,2.830,2.850,2.930,-0.080,-2.73,4.10,1523771,152377100,43566.22,435662200.00,3.36,2.814,2.733,2.737,2.681,2047509,1518753,1414881,3.010,2.580,3.010,2.480,closed,,tencent_newfqkline
2026-05-12,000727,冠捷科技,SZ,bfq,2.830,2.940,2.790,2.870,2.850,0.020,0.70,5.26,1592299,159229900,45768.30,457683000.00,3.52,2.858,2.753,2.740,2.686,2224928,1563351,1333418,3.010,2.580,3.010,2.480,closed,,tencent_newfqkline
2026-05-13,000727,冠捷科技,SZ,bfq,2.850,2.880,2.830,2.870,2.870,0.000,0.00,1.74,1042386,104238600,29742.27,297422700.00,2.30,2.884,2.781,2.746,2.691,2173752,1573449,1305978,3.010,2.580,3.010,2.480,closed,,tencent_newfqkline
2026-05-14,000727,冠捷科技,SZ,bfq,2.880,2.890,2.780,2.800,2.870,-0.070,-2.44,3.83,1133057,113305700,31944.98,319449800.00,2.50,2.864,2.792,2.748,2.695,1623911,1572762,1312203,3.010,2.580,3.010,2.480,closed,,tencent_newfqkline
2026-05-15,000727,冠捷科技,SZ,bfq,2.790,2.830,2.700,2.730,2.800,-0.070,-2.50,4.64,1366650,136665000,37422.14,374221400.00,3.02,2.824,2.800,2.748,2.699,1331633,1605728,1327915,3.010,2.580,3.010,2.480,closed,,tencent_newfqkline
2026-05-18,000727,冠捷科技,SZ,bfq,2.710,2.890,2.670,2.850,2.730,0.120,4.40,8.06,1839553,183955300,51627.01,516270100.00,4.06,2.824,2.819,2.755,2.703,1394789,1721149,1358634,3.010,2.580,3.010,2.480,closed,,tencent_newfqkline
2026-05-19,000727,冠捷科技,SZ,bfq,2.860,2.910,2.810,2.870,2.850,0.020,0.70,3.51,1127143,112714300,32122.74,321227400.00,2.49,2.824,2.841,2.762,2.707,1301758,1763343,1370223,3.010,2.580,3.010,2.480,intraday,2026-05-19 16:14:39,tencent_newfqkline
